student_id,group,theta
1,1,1.245866263591053
2,0,-0.13904876509431247
3,1,-1.290846499161742
4,0,1.3135587835904055
5,0,1.0172524714163942
6,1,0.9832820144683085
7,1,-1.0531480645921474
8,0,-0.8510174159725816
9,1,0.0658846286215959
10,1,1.141192365442413
11,1,-1.0536908326921546
12,0,-0.5150956835562243
13,1,0.8759716938333467
14,0,-0.45625692093296344
15,0,0.6825993484842704
16,0,0.5413801680982125
17,0,0.03629878414939453
18,0,-0.12160765163445707
19,0,-1.2058013621107884
20,1,1.0504117405717948
21,1,0.551815957672464
22,0,0.19476292285829913
23,0,1.2273921793847289
24,0,-0.7247299483105732
25,1,-0.2705086006081436
26,1,-0.41036525230864546
27,1,-1.2411522541627624
28,1,-1.4107217166817274
29,1,-1.4017932105287727
30,1,1.3052221513714035
31,0,0.16278232431590176
32,1,-0.8738891016949308
33,0,-0.3520592489197361
34,0,0.4886972065485923
35,1,0.480590426732261
36,0,-0.7984030126921939
37,1,-0.28979465646336333
38,0,1.0027227498596334
39,0,0.07436791133494125
40,0,0.5683523028389185
41,0,-0.7725056335806366
42,1,0.2423240672835308
43,1,-0.3541398242468241
44,0,1.0442073533146854
45,1,-1.6384542590072808
46,0,1.2786895298389975
47,1,0.10929911686296438
48,1,0.08940319128378457
49,0,-0.41226688158540814
50,0,0.8046294621613918
51,1,0.17775879635326894
52,1,1.2923039758846564
53,0,0.841549867788377
54,1,-0.12187128249724136
55,0,0.01911281253352108
56,0,0.17928743640104317
57,1,0.06301577811203109
58,0,-0.32369047046233584
59,1,0.9923895750620231
60,1,-0.7961300536318358
61,0,0.09832944061285351
62,0,0.7548973442387688
63,1,0.09841751230217143
64,1,-0.07496001846703496
65,1,-0.6974839795040553
66,0,-0.19264634573115172
67,1,-0.772110516342834
68,0,0.9585069621778683
69,1,-1.0061455906965637
70,0,0.1923685499929557
71,1,-0.018470005104130393
72,0,-1.0088327702771591
73,0,-1.0762546371399264
74,1,1.0659448324620748
75,0,-0.8736845523281553
76,1,-0.007404232155187919
77,0,0.7560954059393712
78,1,-0.5753346537724686
79,1,-1.1864573089016648
80,0,2.004562662826465
81,0,-0.9221480825871484
82,0,-0.8716964207065926
83,1,0.21052024166279587
84,0,-0.24243429763605137
85,1,2.441519269522639
86,1,0.82694648053255
87,0,-0.9805070112030657
88,1,-0.5512287892197856
89,1,-0.9406378888586643
90,0,-0.01729137897832054
91,1,-0.23804108516046535
92,0,1.2018861219862305
93,1,-0.06605508805008824
94,0,-0.461672214186407
95,0,-0.9172710188378492
96,1,-0.27508137415177475
97,0,-0.08591038353275299
98,0,0.7533253319648793
99,0,0.21313938852408384
100,0,0.05505644873386681
101,0,-1.0999320953361287
102,0,0.010364431192524736
103,0,0.49724219496402133
104,0,0.04718671777676295
105,0,-0.771707676381346
106,0,-0.9775515365646911
107,0,1.3275398323501584
108,0,0.27386699863793323
109,0,-0.6836111785857635
110,1,0.020214573387828397
111,0,0.6978291427644058
112,1,0.8238705992625985
113,1,1.1968089496090182
114,0,1.2421393870272854
115,1,-0.12508067331976208
116,0,0.23780354332159986
117,1,1.036645373560711
118,0,-0.10673686049334419
119,0,0.8405330276491687
120,1,-0.2834097778135026
121,1,0.12006458949288419
122,0,0.34003906479369905
123,0,0.845226186120769
124,1,0.891193471088223
125,0,-1.3471452457078816
126,1,-0.565191488252082
127,0,-2.1461309798500157
128,0,-0.024221931563910525
129,0,-0.6417160932851617
130,0,0.3819045890142093
131,0,-0.34348980125859535
132,0,0.09892590189309818
133,0,0.5088494133901864
134,0,-0.19579901716384057
135,1,-1.1130080234549835
136,0,1.1665484570530764
137,1,-0.15526243431721892
138,1,1.1629794729621028
139,0,0.32917832127880686
140,1,0.40491635927994485
141,0,-0.452248059975165
142,1,-0.05588383200916606
143,0,1.2868442243481453
144,1,-1.4130172242658734
145,1,-0.01095640887724331
146,0,-0.25686556441695557
147,1,0.8831311138425072
148,1,0.14106355204371662
149,1,0.680017227138585
150,0,-0.050083641240442435
151,0,-0.9758071273694299
152,0,-0.6306354358344971
153,0,0.4700951024086991
154,1,0.1327641271434618
155,1,0.2326979180473749
156,0,-1.8828658126444717
157,1,0.8100121768475131
158,1,0.44107969908499933
159,1,1.4938124328607207
160,1,0.08267980844332101
161,1,-0.4354126345177153
162,1,-0.863751585221589
163,1,-2.103247918213063
164,0,0.04069285925968131
165,0,1.8458221446627199
166,0,-0.01275557428068227
167,0,0.13072948327857378
168,1,-0.683737301955687
169,0,1.0150802324850101
170,0,-1.1904073094038836
171,1,1.0158140530493829
172,1,1.678043890618798
173,0,-0.8124860497063284
174,0,-0.25116102338264673
175,1,1.1398435101298494
176,0,0.41877312984260096
177,0,0.9810722457387391
178,1,0.7701449452000869
179,1,1.020872924165871
180,1,-0.6041218175021646
181,0,-0.9747506158016058
182,1,-0.48790547981357774
183,0,-0.675441783949811
184,0,-0.41416366224226536
185,0,-0.7030845316237135
186,1,-0.23261734539335716
187,1,2.059192893891152
188,0,0.14466062503659158
189,1,-0.6412285498580546
190,1,-0.1192814429316516
191,1,-1.2419302908675338
192,1,0.3652973902966123
193,1,0.8859708150727131
194,1,0.08264340612112925
195,0,0.8752930675863719
196,0,-0.1149598660538682
197,1,2.0721044882765383
198,1,-0.918799035533498
199,1,1.0775584099258457
200,1,1.3121073628664015
201,0,1.0508155088480686
202,1,0.1617657232380972
203,0,-0.12899472229101558
204,1,0.4533940870146024
205,1,-1.8419538407427396
206,1,1.4775998779218469
207,1,1.5076565390091745
208,1,0.6673897684989661
209,0,-1.411332236508455
210,1,0.1337378085968147
211,0,0.3231356997344438
212,1,1.577329459251602
213,1,0.0026998041711709855
214,1,-0.9397549663776269
215,0,-0.024921092426969372
216,1,-0.8527365911679311
217,1,0.9784852557445384
218,1,-1.382860377741383
219,0,1.4085987380920046
220,0,-0.6657544776836829
221,1,-0.910650552252428
222,1,-1.0938753818636855
223,1,0.17372404082508
224,0,0.7762273725931252
225,1,1.1606269019003306
226,0,-0.04066099143374274
227,1,-2.1691477050552503
228,0,1.2382213737128336
229,1,0.7822852120834612
230,0,0.6521396218298378
231,0,-0.6039992616401355
232,0,-1.826285364693123
233,1,1.8920893773018888
234,1,-0.19500192329403224
235,0,-0.07467798190132098
236,0,1.3946982692308618
237,0,1.1602211627156127
238,1,0.6108984479822002
239,1,-0.9305209974052756
240,1,0.5694068060993045
241,0,-0.192119785261308
242,1,-0.6152548053447405
243,1,0.7669717417315675
244,0,0.8888955004598998
245,0,0.05174651147992958
246,0,-0.8379895661288632
247,0,-0.6146263589022154
248,0,1.6308986741456775
249,1,0.5403908023828569
250,1,-0.5051760546863859
251,0,0.9429942763465144
252,1,0.5637386278640181
253,0,-0.06530658219171329
254,1,0.12109601931907105
255,1,0.2989743026597807
256,1,1.5341811411200112
257,0,2.5058668172320746
258,1,1.5255251711899305
259,1,-0.28883922420095515
260,0,-0.8699695088592695
261,1,-0.31986909099625
262,1,-1.044628161347601
263,1,0.30043018153025985
264,1,0.47640259168224713
265,1,-0.6307463969140332
266,1,1.1293007529599883
267,0,0.32966356223778476
268,0,0.5769891866375012
269,1,-0.08149996586578426
270,0,0.1374433292549092
271,0,-0.821705011409175
272,1,2.0340084839036825
273,0,-1.9765407778009805
274,0,0.7460055869223
275,1,0.11569556211321048
276,1,0.6310833324873864
277,0,0.698935198994175
278,0,0.3171104691533224
279,1,-0.5808646375391447
280,0,0.7978540527700472
281,1,1.0694850366172612
282,1,0.3505063805279773
283,1,-0.5512285724475025
284,0,-0.06204729755114577
285,0,0.41893007056703957
286,0,1.0665885389542338
287,1,-0.2035399542618695
288,1,-0.032663030006786366
289,1,-0.733928933913763
290,1,0.42580451447184325
291,1,-1.252321218038945
292,1,0.47969468664538517
293,1,-0.38648094850101344
294,1,1.8682717275646652
295,0,-0.9432213883210443
296,1,-0.26378952020118285
297,1,-1.1620896624118264
298,1,-2.7519140718588506
299,0,1.2636995299431568
300,1,-0.9593951283266873
301,1,0.3868913033365132
302,1,1.3817096907412738
303,1,-0.39322864491027454
304,0,-0.49168356458065965
305,1,0.29055568072300697
306,0,0.48014271586917995
307,0,2.3026785004925627
308,0,1.3211342101255603
309,1,1.5132055165967253
310,0,-0.7116949047205733
311,1,0.4810688709237911
312,1,0.4500193183703242
313,0,-0.034819963282938654
314,1,0.5595409050829571
315,1,-1.1639108531039917
316,1,0.13883493235967406
317,0,1.02823758345596
318,1,0.8618426340932746
319,1,0.7325396205703042
320,1,-0.964503579094049
321,1,0.1495104532378709
322,1,1.6176407558743913
323,0,-1.8448632365511208
324,1,-1.8890071811471933
325,1,0.8964150408269701
326,0,2.6346810147380033
327,1,-0.37009300528985595
328,0,0.24639589298070122
329,1,0.7149663792823756
330,1,0.3749008787362633
331,1,-0.7617832749432346
332,0,1.8191271519204715
333,1,-1.218855290474314
334,1,-0.7249868334468802
335,0,-0.10935614455738749
336,1,1.9558235613425825
337,1,-0.20124743548023385
338,0,0.19557763300648714
339,0,1.0345159922001208
340,0,-1.641395845146783
341,0,1.970697101439313
342,1,-0.2917834302390738
343,0,0.721684746786774
344,0,0.4034492989951349
345,0,1.5145943423721004
346,0,1.6936425905989312
347,0,0.844361597452357
348,1,0.759776697811292
349,0,-2.7817819662259056
350,1,-0.9159977569876073
351,0,0.9721907361942543
352,1,-0.6906212727234652
353,1,-0.5994877983541375
354,1,0.7166711836859069
355,1,-0.5230851374663003
356,0,-1.4517913774855444
357,1,-1.5058382213681036
358,0,-0.1598639442159763
359,1,0.7301982631964556
360,1,-1.4534305909186533
361,1,0.9643758148425574
362,0,-1.8283510928949678
363,1,0.971911717145237
364,0,-0.8094708197277273
365,1,-0.5572476050839112
366,1,0.6181337329629196
367,1,-1.863513747305178
368,0,1.0187543098873337
369,0,-0.4417010004304695
370,1,0.8333854460474969
371,0,1.3947693168514683
372,0,2.153914711308155
373,1,-0.04828814934626638
374,1,0.534742891296997
375,1,0.7070587582120694
376,1,1.9615614502246386
377,1,2.110622432208757
378,1,-0.20040686299782964
379,0,-0.745230851943327
380,1,-0.6994598178331499
381,0,-0.4113721160235825
382,0,0.03427343456637048
383,0,0.20627846474270295
384,0,-0.8330743090820042
385,0,-0.17411260593165273
386,1,0.6850924141294179
387,0,0.462441051532376
388,0,-2.4669316336220395
389,0,0.24865553243668312
390,1,-0.8021007285573849
391,1,-0.10377452495746169
392,0,0.13575719602949896
393,1,-0.7744552306757272
394,1,0.43104280706425085
395,0,0.37308510073272866
396,0,-0.6382169429951535
397,0,1.6003936684595104
398,1,-0.49517992801644745
399,0,0.10761313154730696
400,1,-0.5183630216505434
401,0,1.0066937873630037
402,0,-1.4502123881178193
403,0,0.10921700682289943
404,0,0.753940340577776
405,1,-0.17611740739639467
406,0,0.6258241455871043
407,1,1.3460599790392407
408,1,-0.7417360097505598
409,1,-0.5191289193037819
410,0,-0.5027618034410385
411,0,-0.7594656555151922
412,1,-0.6278199395337406
413,1,-0.2926712062354498
414,1,1.4800608512903604
415,1,-0.5318779290374309
416,0,-0.5919765475675266
417,1,0.04238679083445264
418,1,0.7733046918437012
419,0,-0.7081280771401626
420,1,-0.8825331541532329
421,0,-0.14526748884478427
422,1,0.3657721858389818
423,0,-1.045398125525848
424,1,0.42004027067079663
425,0,-1.1881591651707684
426,1,0.6143605594560914
427,1,0.5363489017612052
428,0,-0.2308529093368896
429,0,1.8624369517785728
430,0,-0.1371024203745151
431,1,-1.2930976341019975
432,0,0.4754535954721214
433,1,0.34759755188491276
434,0,-0.17090293264298312
435,0,-1.8959817878473946
436,1,-0.4454079492953036
437,1,0.4566601321104122
438,1,-0.763355433228637
439,0,-0.6126222740485713
440,1,1.083348654621465
441,0,-0.9774167225946591
442,1,0.4508360537207668
443,0,0.8152390565654802
444,1,-0.04649882530793806
445,0,-0.31094166773093784
446,0,2.1811379115169354
447,0,-1.2030470619643079
448,1,-0.8295933803456856
449,1,-0.20900866949512487
450,1,-0.5246536833366757
451,1,0.41231343146907173
452,0,-1.5921755524636492
453,0,0.525208697983487
454,0,2.8290743190343908
455,1,1.002330430606714
456,0,1.0378706595122325
457,1,-1.0929329040436748
458,0,-0.43087136157355205
459,0,-0.7930853409835749
460,1,-1.543653889550533
461,1,0.9498668302816405
462,1,-2.1280535493060166
463,1,0.030358449493014278
464,1,0.08437024948184427
465,0,1.0897679493238996
466,1,0.023964139671259356
467,0,0.6155336325109502
468,1,-0.42981859494735214
469,1,-1.1795256530356022
470,0,0.26265043601710425
471,1,-0.7978988966792852
472,0,0.013975141640526262
473,1,0.04860932367250464
474,1,0.4382780492261304
475,1,0.8843095649077956
476,1,0.8377642256875644
477,1,1.2221839430156192
478,0,0.4837766062377719
479,0,-1.8258502089429869
480,0,0.4450707441431105
481,0,1.779063576210764
482,0,0.9915286763830361
483,0,-1.361210706924554
484,0,0.5948724594224142
485,1,0.7619479349340412
486,0,1.2491208454436307
487,1,-0.10506487678329249
488,0,-0.9342681934398201
489,0,2.376756702165251
490,1,1.0413132280930928
491,0,-1.9054717513113941
492,1,-0.5872384676842346
493,0,-2.1316183693274153
494,1,0.027803818007270605
495,0,-1.4190356003707612
496,0,0.07622403064910903
497,1,1.3226519729834594
498,1,-0.5234537780034065
499,0,0.6826650765083808
500,1,-0.10884286089920041
501,1,-0.36124547680414176
502,1,0.6704985672082037
503,0,-0.48882315067032817
504,0,1.5285894778360882
505,0,0.5170105429569031
506,0,-1.0222552832059866
507,1,-1.4775730776209306
508,1,0.8899840827209929
509,0,0.8165196836760599
510,0,0.7360289275224915
511,0,0.5368379621044999
512,1,0.44050312943505376
513,0,-0.10665098417337465
514,0,-0.41445219045498205
515,1,-0.8592014719673553
516,0,-1.2717137046115683
517,1,2.404289229587798
518,1,-0.2951763146423372
519,1,-0.07863154788846972
520,1,-0.8073245183621202
521,1,-0.86259501745053
522,0,-1.0443353470667052
523,1,0.9487457259816485
524,1,-0.22169888083104664
525,0,0.44646869966324493
526,1,0.5866266118633491
527,0,-0.4233092315681458
528,1,-2.007631501877753
529,0,-0.7207419435840048
530,1,0.6427182814004934
531,0,0.5844754959736083
532,0,-0.38609636103019007
533,1,-1.645433443356298
534,1,0.5459251509042691
535,1,0.33797523240018706
536,1,-1.3217637703766183
537,0,-0.29795575857821505
538,1,0.017192501070435975
539,0,1.4028868121905027
540,1,1.0476618383202787
541,0,0.4199404655033372
542,0,0.7468353723846046
543,0,1.2040951672733995
544,0,-0.9291337673080403
545,1,1.288952110312405
546,0,-0.6764584726169374
547,0,-0.5030490947651469
548,0,-0.6777747867181739
549,0,-0.2072079599725311
550,1,0.5058123157469377
551,1,0.6810694892566066
552,1,0.85775756619636
553,0,0.17007529159735515
554,0,1.821547269933173
555,1,0.6488197251950656
556,1,0.6070733126184995
557,1,-0.4656566071208907
558,1,0.816623821677557
559,0,-0.26987593621480166
560,1,1.170968389680963
561,0,1.181919698302155
562,1,0.505557946521744
563,0,0.6319275998690385
564,0,-0.07087262355737728
565,1,0.8562999164709868
566,0,1.8587472480071985
567,1,-0.9842647674098522
568,0,-0.8147594287626246
569,0,0.6010877187205313
570,0,-0.8001230668506665
571,0,-0.4053118496378833
572,0,0.9541594834944023
573,0,-0.23625280443383767
574,1,0.2729618879823807
575,1,2.14705894870592
576,0,0.6259998226078332
577,1,-0.42158744050136493
578,1,0.457373463614424
579,0,-0.0929978366848272
580,0,1.3498729956891165
581,0,1.150004645177275
582,1,0.02037486528467634
583,1,0.3188560152080484
584,0,-0.8711438189546694
585,1,0.1488315995225401
586,0,0.3907284500151037
587,0,0.4066102601538498
588,0,-0.8929047135336996
589,0,0.23054449336093047
590,1,1.107714303097866
591,1,-0.9555111819305362
592,0,-0.3366799218827787
593,1,-0.8640561477931692
594,0,-1.04223500129025
595,0,1.128971624930473
596,1,1.0922851088693972
597,0,1.2358448943491043
598,1,0.27312214659685047
599,1,0.765942133118181
600,0,0.6086846659470305
601,1,0.5633368616743857
602,0,0.013642750084042844
603,1,-0.38430498006615854
604,1,1.446352110790956
605,0,-0.8910586351702907
606,0,-0.8826624324558656
607,0,-0.8647281056538616
608,1,-0.9306157426044772
609,0,0.5108902485417326
610,1,0.6654964366142266
611,0,-0.1731179035598845
612,1,-0.49017824217981076
613,1,1.0710996840235063
614,0,-0.6820461248121001
615,0,0.7917542542331687
616,1,-0.626710880467713
617,0,2.587038728342815
618,0,1.0298219097884935
619,1,0.28644807203111994
620,1,-1.0319216427428697
621,0,0.6987717029898634
622,1,-1.2241978356744585
623,1,0.9165625076317633
624,1,-0.24695033170247968
625,0,1.3335535081055772
626,0,-0.15806599282112574
627,1,0.18069932254078694
628,1,-0.2399877718711257
629,0,0.029473669839497393
630,1,0.5407474369492055
631,1,-1.2791741117007098
632,0,-1.1752749198716952
633,1,0.4355383864797847
634,0,0.37528048794085767
635,0,0.8028476677711447
636,0,-0.7020294978580703
637,1,0.4088194154387472
638,1,-0.14343101622739857
639,0,0.2631460520320469
640,1,0.3799746985750287
641,0,-0.5838498213337273
642,1,0.505118399118558
643,0,-1.11165156498743
644,1,-1.1255525343166437
645,0,-0.659091597332553
646,1,1.8146234726917003
647,1,2.7455616560102407
648,1,-0.5685680081637025
649,0,-0.33802068905950994
650,1,0.45433778700910576
651,1,-0.011364498922812763
652,0,0.7759263362788219
653,1,-0.3306384535158181
654,1,1.5259270611331404
655,1,-0.9620317573336592
656,0,1.9185192662415242
657,1,-0.7713293950417812
658,1,1.9896508841925729
659,0,-0.43198263241111134
660,0,1.9650602733200753
661,1,-1.7896849607465384
662,1,-0.9083035554478663
663,0,-3.000109539809122
664,1,-0.6174555258903693
665,1,-0.5560147852957025
666,0,1.0567747197823618
667,0,0.7920915892245637
668,1,1.754487941958513
669,0,0.04161135202261751
670,1,1.2155920959549207
671,1,0.5786942123603672
672,0,1.588349511964604
673,1,0.6722390425039516
674,1,1.1299480577801297
675,1,-0.3101519192346486
676,0,-0.5365636934637301
677,1,-1.0912269246946649
678,1,-0.35429508544668376
679,1,-0.6186990245451424
680,0,0.046585317914150305
681,1,0.4256562063871855
682,0,1.1726009794667838
683,1,0.342649800922524
684,1,-0.4564933461842366
685,1,-0.31395249716947793
686,1,-0.603495314767438
687,0,1.4978568102437542
688,0,-0.22089454875045683
689,1,-1.1575743685092679
690,0,-0.11799338058572259
691,1,1.5284451259572296
692,0,0.8674868983162031
693,0,1.0102623003154003
694,0,0.638736385457863
695,0,-0.4899668951414582
696,1,0.12648140090675974
697,0,0.008597501629437936
698,0,0.051138602638568155
699,0,-0.31311231355934904
700,0,-0.2497781764355936
701,1,-0.870055994866587
702,0,-0.6011811728051367
703,0,0.45167421130191604
704,0,0.7417071579629056
705,0,0.7965269081767878
706,1,0.15982011307927482
707,1,-0.04555410351705443
708,1,-1.0455486621186605
709,0,-0.4431690638211671
710,1,-0.2138269647688738
711,0,-0.3133047697713346
712,1,-0.3211989253523841
713,0,0.09540153823048222
714,1,0.3087384204421567
715,0,0.7042919347912369
716,1,1.2568774766779849
717,1,0.3127463140223367
718,1,1.7688331947308795
719,1,0.050891907253222866
720,1,1.0077545683625813
721,1,1.58555859816122
722,1,-1.1852141803277538
723,1,0.49012280400864044
724,0,-0.6900644997382225
725,1,-0.22099732485589205
726,0,0.7091108726937068
727,0,-0.40725075609347483
728,1,0.7822203779296822
729,1,1.258151556566148
730,1,0.2511780818839349
731,0,0.6815773803461573
732,1,1.7627425919459774
733,0,-1.484047959778254
734,0,-0.2915744370417882
735,0,-0.44235188243762696
736,1,0.7084245901079254
737,1,1.8178870881845826
738,1,0.8927211721729189
739,1,-0.6537432293982486
740,1,-0.11653047706060758
741,0,-1.5124413777985328
742,0,0.7932524438415333
743,0,-2.416290856670948
744,0,0.5399332766169324
745,1,-0.15596461653211474
746,1,-0.05133404862629258
747,0,0.16729688726597555
748,1,0.563383758174994
749,0,-0.21136895784135898
750,0,1.1868064456200238
751,0,-0.20728274254775558
752,0,1.0041471930158288
753,0,-1.416473761842301
754,0,0.3415143782608353
755,1,-0.575586743391163
756,0,0.9815691239767513
757,0,2.043209172067184
758,0,0.4932143390439912
759,1,-0.6364024400595422
760,0,-0.445324991623945
761,1,0.07534708740848721
762,0,0.9572026959943878
763,1,0.04120321279841124
764,1,0.9196309353131157
765,1,-0.13124728251747045
766,1,-0.4162642352548551
767,0,-1.0259216811592802
768,0,-1.6308078532892591
769,1,-0.12435257237699299
770,0,0.47014319381180086
771,1,-0.6248800460580919
772,1,0.009149348160700517
773,1,-0.08615499072137704
774,1,-0.8738807809028944
775,0,0.20986397097123646
776,0,1.0860180436727962
777,0,-1.1240892205877941
778,0,-0.7501181920290974
779,1,0.28243268187038145
780,0,0.2982439387914687
781,1,-0.731502710931631
782,1,1.9376894956451636
783,0,0.4478937809577498
784,0,-0.8072405454554886
785,0,1.6029855001496458
786,1,-1.1954435289069938
787,1,0.6039958861706812
788,1,-0.18090955267704598
789,1,-0.4863742147734383
790,1,-0.011765862994219525
791,0,-1.0529396497136791
792,0,-0.395330525277923
793,0,-0.4573520810401378
794,0,-0.7027962014248684
795,0,-0.41778053046386643
796,1,0.8863347951766594
797,1,0.6689800323208643
798,1,-0.512581252410902
799,1,0.7842358718039179
800,0,-0.8698261531662036
801,1,-0.10717373254224342
802,0,-1.3740894170281255
803,0,0.9244787805353105
804,0,-1.4042701398447088
805,0,1.1397252144470762
806,1,0.3228540495415698
807,0,-0.8343780965457228
808,1,0.6189197229411499
809,0,1.8207554409811246
810,0,1.6218037189402061
811,0,-0.37121646434431194
812,0,-0.5911889071935938
813,1,2.789768652370838
814,0,-0.22815756176816143
815,1,1.435613900136171
816,0,-0.16502644008171044
817,0,-0.1958119974162104
818,0,0.7756879028672836
819,1,0.2032503924425279
820,0,-0.27868684478791483
821,0,-1.5806380245976763
822,0,-0.2758367388504369
823,0,-0.0489067176476693
824,1,0.2701298046695877
825,1,0.08868158420942543
826,1,0.6492704469866727
827,1,-0.47605253371503325
828,1,-1.7287943843067943
829,1,1.3850456808264804
830,0,-0.1963403585128595
831,0,0.964959410915946
832,0,-0.5011753087254145
833,0,-0.960099056725567
834,1,-0.4129213652769959
835,1,1.4056382742848037
836,0,-1.1939095861008069
837,0,-0.16527756868263285
838,0,-1.1699827228523105
839,0,-0.5279870664118173
840,1,-0.2171424309137241
841,0,-0.9067688492026712
842,0,0.4545588219058984
843,0,-0.3854652887185303
844,1,0.24807407073968038
845,0,-1.5120068912016182
846,0,0.9224416652495018
847,0,0.2523199297762512
848,1,0.9345795306918085
849,0,0.3660554212136412
850,1,-0.5293908532369317
851,0,0.45882909017801743
852,1,0.9377502976372708
853,0,-0.1281718834345129
854,0,1.7763899452137215
855,0,0.3792399783456664
856,0,0.439350832484153
857,1,-0.6897742716491864
858,1,-0.0071112258022624115
859,1,0.3364814039909395
860,0,-0.16316925555278033
861,0,-0.3132630781690598
862,1,0.6981301768628219
863,1,0.19226291686658245
864,1,-0.14364377875832518
865,0,-1.0032586386598812
866,0,-1.342584268318038
867,0,0.44435029757425
868,1,-0.5320976398594407
869,1,0.009327968405421477
870,1,0.41309812320656464
871,1,-1.1980427045583868
872,1,0.7587775055623458
873,1,0.10794451327764389
874,1,0.01782709694042659
875,1,-0.3991417343288937
876,0,-0.6306629526803881
877,0,-0.6605444411915363
878,1,0.4747953274181598
879,0,0.5563773176849341
880,1,1.6640755039108468
881,1,-0.1868023266629449
882,0,0.976046014408945
883,0,-1.4505869455974196
884,0,-0.8841071733691587
885,0,-1.9307555522091968
886,0,-0.3494277598820201
887,0,-0.011327219214727739
888,0,-0.10711546345754769
889,1,-1.0082647659626838
890,1,-0.5538793538913341
891,1,0.34626853684093384
892,1,0.4024419318057594
893,0,-0.6159490834490932
894,1,-0.019056842904687652
895,0,-0.2538418142524484
896,0,0.31533970931929695
897,0,1.3936747876977036
898,1,-0.6114874660015639
899,0,0.7937141796411544
900,1,-0.24821760100154636
901,1,0.7502354773215186
902,0,-1.3047665532201136
903,1,0.41264160611547424
904,1,-2.8204561659146243
905,0,-0.4189089450093101
906,1,-0.6986858978146496
907,0,-0.5198230831048873
908,0,-0.023948235188518546
909,1,-0.8465576526750083
910,1,-0.7256602028989809
911,1,-0.02005941511940749
912,1,-0.6524872191120102
913,1,-0.409232456697512
914,1,0.4021104782560556
915,0,0.7370737866976846
916,0,1.1572725356149105
917,1,-0.7125725871316609
918,0,-1.3453450278117904
919,1,-0.31647161764632054
920,1,0.034722695398891106
921,1,-0.5377158059894468
922,1,1.2040957711250697
923,1,-0.8754379324264034
924,1,-0.6652351561820959
925,0,0.9169878936250448
926,0,0.05411701595945822
927,1,-0.306509606917249
928,1,1.159887539437054
929,1,-0.8033892891625894
930,0,0.6769907132313027
931,1,0.8657679809254921
932,1,0.863002856237481
933,0,-0.0395692458724901
934,1,0.93968331963311
935,1,-1.3767461258673748
936,1,-0.21305300097239463
937,0,-0.9449605076808459
938,0,-1.7037319927509795
939,0,0.5753970731998181
940,0,0.25926162536184133
941,1,0.4299400916125417
942,1,-0.0931086972164671
943,1,1.060295398670749
944,0,0.07499943881707981
945,0,0.42624114795287565
946,0,-0.7809427289363232
947,0,-0.2595058199902458
948,1,0.2499033701577021
949,0,1.7609983753395215
950,0,0.28556120939172597
951,1,-0.12024485940815345
952,1,-0.1826311289721477
953,0,-0.05467331332688807
954,0,2.039658219048722
955,0,0.5653845915590863
956,0,-0.7463113881642273
957,0,0.04676436745197524
958,1,0.4608514801508517
959,1,-0.3782293727483832
960,1,-2.8088758796019455
961,1,2.2069693899583003
962,1,-1.5466845786012573
963,1,-0.05686785992036185
964,1,-0.11082726022856579
965,1,-0.5633916882695577
966,1,2.1330228463006367
967,1,1.0111942550998516
968,0,-0.6631569758306322
969,0,-2.061328338970103
970,0,-0.6503960939932361
971,0,0.5621990172785728
972,0,-0.646323928934103
973,0,-0.5878494298702667
974,0,-0.6957103381170187
975,1,-0.5144048280232674
976,1,0.3358350500781342
977,0,1.4155112430190198
978,1,0.9974873901300707
979,0,-1.9475152318107738
980,1,-0.6849575011088973
981,0,-0.9934453393936403
982,0,-0.234915173626073
983,0,2.6522314604466612
984,0,-0.8934981282147972
985,0,-0.6314488382127694
986,0,1.3900771906638896
987,1,-1.2970940615256235
988,1,-2.010442241775133
989,0,-0.37285025114969617
990,0,-1.5822734567127767
991,1,-1.3336243255973994
992,0,-1.8424565478437227
993,1,1.4027881210796547
994,0,-0.618544178566348
995,1,0.8907867489250633
996,0,-0.3788124024395339
997,0,-0.3679739023202687
998,0,-0.9780840345386922
999,1,0.32165331525991864
1000,0,0.35073018783498505
1001,0,1.5834345255813334
1002,0,0.5179305155476904
1003,0,-0.042316411607570534
1004,1,-1.5093725003357614
1005,0,0.3643879579248466
1006,0,-0.3543545011534993
1007,1,0.8209812725464224
1008,1,0.6520896425635034
1009,1,-0.310169298083675
1010,1,-0.8371208814294849
1011,0,-0.9357754415400145
1012,0,-0.8125782344606883
1013,0,0.024161036292223114
1014,1,-0.07047676625403608
1015,0,-0.48203795727619864
1016,1,-0.05833529192415221
1017,1,0.7939875724956094
1018,0,-0.3877436835319
1019,0,-0.367215357758313
1020,1,3.206792488786981
1021,0,-0.04368870173338409
1022,0,-1.5378157654872056
1023,1,2.263078086307072
1024,1,0.41369431448258054
1025,0,-1.6066931641220044
1026,1,0.90367302954077
1027,0,-0.34368533291971287
1028,0,1.5113060415510435
1029,0,-0.18293005050940025
1030,1,0.1623148289321229
1031,0,1.8887634347532556
1032,0,0.3429363867120064
1033,1,-0.8170215997751192
1034,1,0.8819140593277087
1035,0,0.41192597132940967
1036,0,-0.743541873686502
1037,0,0.03260890108778536
1038,1,-0.31548099341196273
1039,0,-0.4775694806568078
1040,0,0.8315119167426505
1041,1,-0.12708407165004457
1042,0,-0.9764655281238456
1043,1,-0.014394975809902254
1044,0,1.7132742979143194
1045,0,0.9689831213005106
1046,1,0.5257042290903812
1047,1,-0.5313550187575684
1048,1,0.46468698537743847
1049,1,0.27003475908164937
1050,0,0.7662416559973719
1051,0,-0.13617507048217914
1052,1,0.4889194105949762
1053,1,1.2809536925371252
1054,0,0.5844880613023167
1055,1,-0.014368927469347818
1056,0,-0.54244010905408
1057,0,-0.02246064556049263
1058,1,0.5442836474807836
1059,1,-0.19922564314311006
1060,0,0.5641362469048273
1061,1,1.1713979528330876
1062,0,0.6152698222242422
1063,1,-0.251564572699171
1064,0,0.8184226930793476
1065,1,-0.40041879281907067
1066,0,-0.1970921905876286
1067,0,-0.9010481956699412
1068,1,0.4869663775969692
1069,0,0.7648102273088677
1070,0,1.050210449695011
1071,1,-0.14475363612497652
1072,0,-0.14026163682609158
1073,0,1.5623933750328072
1074,1,0.9457476235731538
1075,0,-1.4427495519609714
1076,0,0.5810611621830927
1077,0,-0.323716110774358
1078,1,-0.35734271363738684
1079,1,-1.1762838339362438
1080,0,-0.962871686859364
1081,0,1.3998743987748086
1082,0,-0.20262645707249544
1083,1,0.9734463247545204
1084,1,1.0343618421034908
1085,1,-0.4377577788748923
1086,1,0.2943352436157925
1087,0,0.14200996560904086
1088,1,1.4158663479918288
1089,0,-1.23597200827995
1090,1,-0.5604424585499376
1091,1,0.7914650668641687
1092,0,-1.2386289645632713
1093,0,0.09445969788977152
1094,0,-1.2460436256594845
1095,0,-0.30665408015313295
1096,0,0.7814086930857136
1097,0,0.43125020390894436
1098,0,1.604130262383548
1099,1,0.38926785269781755
1100,1,0.15032789432059415
1101,0,-2.688600512767131
1102,1,-0.6357667435353694
1103,0,0.8959507490352986
1104,0,0.016057281789920455
1105,1,1.601079158496154
1106,0,-0.0073272115196677265
1107,0,2.1952277211378024
1108,0,0.9934145300595474
1109,0,-0.29761486827756706
1110,1,-0.8563725570440418
1111,1,1.6766622189834801
1112,0,-0.33846926167648644
1113,0,-0.7185715457235978
1114,0,1.6624636334011185
1115,0,0.36613138449226545
1116,0,0.3835963657052373
1117,1,1.0097414188866463
1118,1,0.08158991555419602
1119,1,0.8119072644347953
1120,0,1.0560123174913054
1121,1,-0.02000225859116658
1122,0,0.809942245494988
1123,0,-1.5715240499474834
1124,1,-0.04161719852783733
1125,0,0.4069904787810611
1126,0,-0.3685543416382902
1127,1,1.0953694435500285
1128,0,-0.22200496031245423
1129,1,-2.0474864393815992
1130,1,0.5891677578305065
1131,1,0.018459604985179706
1132,0,0.7311638451480003
1133,1,-0.008264015847381699
1134,1,-0.7747536551344179
1135,1,0.6055427267976488
1136,1,-0.37707021749866326
1137,0,-0.8969245598446701
1138,0,-1.01038285601559
1139,0,-0.7800615973429313
1140,0,1.819465610326301
1141,1,-0.4091619725349787
1142,0,-0.14004764315157553
1143,1,-1.3471869044089486
1144,0,-2.3300268388458965
1145,1,1.1707573056582368
1146,1,0.7777260416950216
1147,1,1.0456811565559199
1148,1,-0.3140963765255556
1149,1,-0.2939824490143234
1150,0,1.1949740360370003
1151,0,0.19367650510453635
1152,0,0.18307970641791144
1153,1,1.0846235121917185
1154,0,1.2956216128256255
1155,0,0.03298260877669759
1156,0,-1.5115868223611233
1157,1,0.24433325293898045
1158,1,-0.6807143807661759
1159,0,-1.6542050205255876
1160,1,1.8609765950399961
1161,1,-1.710353542300589
1162,1,2.4347152213007384
1163,0,-0.07683316359964379
1164,1,-1.4241254545600601
1165,1,0.7692721349088809
1166,1,-1.2103696902421117
1167,1,-0.2826805054212931
1168,1,-2.0317305847893024
1169,0,0.652666243034665
1170,1,-0.263657135632951
1171,0,-1.012020888190063
1172,1,-0.21674695053527504
1173,0,0.7103020587632893
1174,0,0.8423617669274176
1175,0,0.7191083894550585
1176,0,2.927438240099951
1177,0,-0.8015473360339789
1178,1,0.9521515336537972
1179,1,1.2415335310107298
1180,0,0.37283774725175856
1181,0,-0.15189507552530987
1182,1,0.8687763531407606
1183,0,-0.012376482547080075
1184,1,-2.0311071412033215
1185,0,0.045371734578738984
1186,1,-0.029698348023231534
1187,1,-0.43222663793855237
1188,0,0.014011346868149078
1189,1,2.2878051595680358
1190,0,-1.8128708526185502
1191,1,-0.8757715859397863
1192,0,-2.042053282107049
1193,1,0.5907036764897605
1194,1,0.4112251978862938
1195,0,1.6628413070235362
1196,0,0.898040188934311
1197,1,1.1168194316701752
1198,0,-0.005623629089148665
1199,0,0.06956982743010852
1200,0,1.6322198865160917
1201,1,1.5679434101199792
1202,1,1.9755812047011994
1203,1,-2.032721155016053
1204,1,1.3800751221988878
1205,1,0.8127965639763536
1206,0,1.7763163844764995
1207,0,1.1937206491582761
1208,0,1.3690896022887946
1209,0,-0.956133612066951
1210,0,1.0205966217058058
1211,1,-0.2597842919760807
1212,0,-0.06151876302854723
1213,1,-0.4568204313043058
1214,1,-1.1049580692585632
1215,0,0.5341525437306464
1216,0,0.9926181673521569
1217,0,-1.6760118540482765
1218,0,-0.018761766346459863
1219,1,-0.48622602817228866
1220,0,0.3523020005534364
1221,0,-1.6121139058221163
1222,0,1.8839192579867412
1223,1,-0.4421591168927656
1224,1,1.013561309127606
1225,0,0.6008745212932622
1226,1,-1.0809437291323736
1227,0,-0.6321338474624266
1228,0,1.023028439643387
1229,0,-0.27457624715875173
1230,1,-0.052364180152035956
1231,0,-0.2576441951845899
1232,1,-1.418947089101933
1233,0,0.027521121367136872
1234,1,0.4431808456061057
1235,0,-1.261520999913305
1236,0,1.4338395561523776
1237,0,2.534407609875747
1238,1,-1.7908924970070694
1239,1,0.23738114337935734
1240,0,-1.8495379949432649
1241,0,-0.03714825475621012
1242,0,-2.1479966699089568
1243,1,-0.6299726012699061
1244,1,0.7949697214773548
1245,0,-1.6810363811335993
1246,0,0.6158205482712013
1247,0,-0.6321837157870139
1248,0,0.008076700651624528
1249,0,-0.6508804377133584
1250,0,-0.6068877257016332
1251,0,0.5317758870526419
1252,1,0.5160322934671638
1253,1,1.204716109654891
1254,0,0.9116985095713862
1255,0,0.9606550042619872
1256,0,-0.184888096617802
1257,0,-0.4349872538170703
1258,0,0.8797230225453565
1259,0,0.5826613249384058
1260,0,0.9795748856655904
1261,1,0.6261848544520621
1262,1,0.4700367353907437
1263,1,0.43162177205277297
1264,1,0.000996851507041768
1265,1,0.27693683297036226
1266,1,0.7927615640579901
1267,0,-0.047607809110003535
1268,1,-1.0087761341328703
1269,1,0.17407699434233825
1270,1,0.6602609294003439
1271,1,-0.11269161379475083
1272,1,-0.061644971698664786
1273,1,-2.294521521247738
1274,0,-0.21716289770686076
1275,0,-1.7206662322223687
1276,0,-0.525436529486556
1277,0,0.06944035640346415
1278,0,-1.0202212191380478
1279,1,-1.1712827375783248
1280,0,1.736705150105107
1281,0,0.3639148703500264
1282,1,0.5432489386546299
1283,0,0.5665645366308791
1284,0,-0.2449995418914317
1285,1,0.37210509697306454
1286,0,-0.06820931937697242
1287,0,0.7709602694136564
1288,0,1.4027522512686277
1289,0,-0.41718797230234467
1290,0,-0.8945300154468714
1291,0,-0.9635429088112385
1292,0,0.40731321200984777
1293,1,-2.419400975363106
1294,0,0.39263636925130013
1295,0,1.3025218084905932
1296,0,0.13627496538547623
1297,1,1.4552588490903615
1298,0,-0.8590122479948917
1299,1,0.46838503430482864
1300,0,-0.2934546370387825
1301,1,-1.5028498267092627
1302,1,-0.14406847730472425
1303,0,-0.09201442229134449
1304,0,0.15693663336840086
1305,0,-0.6506890929908536
1306,0,-0.49882025961235726
1307,1,1.9134698901540201
1308,0,0.41660141813908136
1309,0,0.7046719580989402
1310,0,0.08976090862891001
1311,0,-1.6100928015342446
1312,0,0.6375318295991884
1313,0,2.3214708589493647
1314,0,0.7945243675471501
1315,0,-0.45580503868853456
1316,0,0.36952930163529446
1317,1,-1.6893392198890602
1318,1,1.935397714851179
1319,1,0.3101467542933087
1320,0,-0.3603818336484953
1321,1,-1.6945876733332266
1322,0,0.8235766836996974
1323,1,-1.1427666205123117
1324,1,-0.0021186149104508185
1325,1,1.8549593436153262
1326,1,-3.0950942919908053
1327,1,0.5209669862932743
1328,0,0.28251272726053284
1329,1,-1.323268568245214
1330,1,1.8194996002375519
1331,0,0.25632022261868376
1332,0,-0.15569784224328384
1333,1,0.48115242118981466
1334,0,1.1941248829218334
1335,1,-0.4264518973441533
1336,1,0.44611211138807516
1337,0,1.2356659749870544
1338,1,-0.7263064110844584
1339,1,1.726451719143769
1340,0,0.32466357682646296
1341,0,-0.3966359332496516
1342,0,1.3143547252704222
1343,1,2.0607177266882175
1344,1,-0.922817386749367
1345,0,-0.5494368459659434
1346,1,-0.0033262305640430726
1347,0,0.06330150912993579
1348,0,-0.23493317366984198
1349,0,-0.5842983786038325
1350,1,-1.115844617178869
1351,1,0.9665975526908215
1352,0,0.8557567347812499
1353,1,-0.9478387378207765
1354,1,0.15977617376089207
1355,1,0.6308777397029576
1356,1,-0.4750193678855693
1357,1,-0.7953986998420217
1358,1,1.31488717480183
1359,1,0.6315059832946089
1360,0,-2.0113061588801147
1361,0,-1.0738852595885096
1362,1,0.8169650362137508
1363,0,-0.4178193255160152
1364,1,1.9216017194387849
1365,0,0.21735484658235085
1366,1,-1.1340158128895035
1367,0,-0.3405676398169746
1368,1,1.1780884196148371
1369,1,-0.49040306849426124
1370,1,1.7304756861912993
1371,1,0.8404365149585775
1372,1,-0.2658655570843465
1373,0,-1.2030448776236136
1374,1,0.8312610900491604
1375,0,1.038447945380164
1376,0,0.35399717451037693
1377,1,-0.6232729361999404
1378,1,-1.2420308193449001
1379,0,0.2324384680959502
1380,1,-0.8275355695541214
1381,1,-0.13400504525151116
1382,0,0.356034374997577
1383,1,0.22373715779214834
1384,0,0.6251579613253708
1385,0,0.3759871474164476
1386,0,-0.1634567272796183
1387,1,-0.12383624087341913
1388,0,0.9012445263431352
1389,0,0.8029811324444943
1390,1,1.5433381468470524
1391,0,0.6033604096131544
1392,0,0.121174063666513
1393,1,-0.1058811021428679
1394,0,-0.3509657400194857
1395,0,1.0556552113784503
1396,0,1.350140017363229
1397,1,0.36355262545201533
1398,1,0.6623521053061422
1399,1,1.6024902513772241
1400,1,1.7262941064753838
1401,0,-0.7768056665734305
1402,0,0.23742795734686173
1403,0,-1.1532257277715143
1404,0,1.0383165634344749
1405,1,0.5118554836985638
1406,1,0.09044845164548482
1407,0,-0.4528337175908188
1408,0,-1.3585511707535383
1409,0,1.8504320427036365
1410,1,0.40431750645526493
1411,0,-0.7000746772993605
1412,0,1.1462779656777047
1413,0,1.0410309875875416
1414,1,-0.25780819149676115
1415,1,-0.14822432675736205
1416,1,0.6286300341816697
1417,1,0.3132823150314228
1418,1,0.9145032120693628
1419,1,1.4174620646026752
1420,0,0.5935427728489147
1421,1,-0.1693974324201868
1422,0,1.384869300974083
1423,1,-0.7813348863876128
1424,0,-0.05090128333137021
1425,1,-0.14949926610931227
1426,0,1.3567403797447013
1427,1,-0.8460713683197066
1428,0,0.6071687501323577
1429,0,-0.8383757085966727
1430,1,-1.4652345786409275
1431,1,-0.665796697773934
1432,0,0.183689490233031
1433,0,0.25521896039930797
1434,1,-0.13583421465781062
1435,0,-0.16131981395762315
1436,1,-1.0365624698564808
1437,1,0.5046888308871514
1438,1,-0.8515794940335992
1439,1,0.27967090124161353
1440,1,0.030629525429941767
1441,0,-0.44853744829016057
1442,1,-0.1357880216285413
1443,1,1.08028854093217
1444,0,1.3493191703963803
1445,1,-0.07183062761766484
1446,0,1.2930144694326342
1447,1,0.8506165972999262
1448,1,1.149110312560978
1449,1,-0.7124362491204631
1450,0,1.0068319029864392
1451,0,-1.7915003898551565
1452,0,0.6819308429029505
1453,1,1.4089276768252932
1454,1,-0.5253754505938252
1455,1,0.034855822595463784
1456,1,-0.37401566379563406
1457,0,-0.8829532627288307
1458,1,0.208778581015124
1459,0,0.8497854913845128
1460,1,-1.8963947157612535
1461,1,0.11872380419529682
1462,0,1.9273262586328548
1463,0,0.30234303084624586
1464,1,0.15470372407493546
1465,1,0.46626120535306953
1466,1,-1.171569793932687
1467,0,-1.188437950276251
1468,0,-0.14887240107280264
1469,0,0.4267080761342558
1470,0,0.7927814927281331
1471,1,-0.6819724660115951
1472,1,-1.5002112534507817
1473,1,-0.7517603140583695
1474,1,1.4564886385389908
1475,0,0.7232026860238169
1476,0,2.4830050064777036
1477,0,-0.0830846555651208
1478,1,-0.4815717190301286
1479,1,-0.3371101309815687
1480,0,1.0720523667569983
1481,0,0.870861873166079
1482,0,-1.5858236663972332
1483,0,-0.5750919515293501
1484,0,2.395095878371917
1485,0,-1.2117614601907054
1486,0,-0.41887302606570925
1487,1,1.0191413560247327
1488,1,-0.18895502439825332
1489,0,-0.10904587234781163
1490,1,-0.02419261396500487
1491,1,0.31779222960305753
1492,1,0.8316271579834227
1493,0,0.18960118024851383
1494,1,-0.4642424445574728
1495,1,0.64531879743698
1496,0,-0.2847180484824167
1497,0,0.25811822940401585
1498,0,-0.5003180912641763
1499,1,0.554620046731062
1500,0,0.23770547757080493
1501,1,1.4278766825224163
1502,0,-1.5274554340807283
1503,0,0.25251644958157093
1504,0,0.6131513428364261
1505,0,0.7012504062930262
1506,1,-1.5462867533672018
1507,0,-0.10348555072400449
1508,1,1.3499625022636137
1509,1,-0.6810301594197331
1510,1,0.7034873172066551
1511,1,0.5604010717026282
1512,0,-0.13571258837159236
1513,0,0.6855629500526339
1514,0,-0.4677902549803885
1515,1,-0.09839389173563876
1516,1,0.16900904908932635
1517,1,2.6630456572293686
1518,0,-0.33707535212738965
1519,1,-1.5527380814944125
1520,1,-1.7210062984677221
1521,0,-0.6064081779498558
1522,1,-0.8892396291179394
1523,1,-1.0435642798345355
1524,0,1.1316082812992143
1525,1,-0.21979830548204335
1526,1,0.09033094996032481
1527,0,-1.5134020007946203
1528,0,1.4111999161221462
1529,1,1.2693510487318116
1530,0,0.331135919301001
1531,0,1.046575598723903
1532,0,-1.4932440469900545
1533,1,-0.627993790506575
1534,0,-1.4207682987944783
1535,0,-1.0865485109776065
1536,0,-0.724039194308452
1537,1,-0.7078493947751511
1538,0,-1.0563112520023663
1539,1,1.016000441390997
1540,1,-1.5176246787035248
1541,0,0.1513355974028978
1542,0,1.4739739774913578
1543,0,-0.8919385325705926
1544,0,-1.0360676561494502
1545,1,-0.00727902597447002
1546,1,-0.7602947201046885
1547,1,0.31598823878207283
1548,0,0.06994167837866296
1549,0,1.6474389909752656
1550,1,0.4844222358091261
1551,1,0.6861812447058377
1552,0,-0.28913860983253353
1553,0,0.2893845283514565
1554,0,0.978663373068816
1555,1,0.5823525131019067
1556,1,-0.8631345658872115
1557,1,-1.0020695768026833
1558,1,0.43229841766185223
1559,0,0.228987496975466
1560,0,-0.3031887596776732
1561,0,-0.04373817402792651
1562,0,-0.6802200473426215
1563,0,-0.9921448837731184
1564,0,-0.5003911332362385
1565,0,1.8259085069532206
1566,0,0.8134012255782006
1567,1,-0.08556888327166606
1568,1,-1.1047767472062513
1569,0,-1.2594846845482366
1570,0,-0.10531489036114364
1571,0,0.14828413752559932
1572,0,1.836445985967802
1573,1,1.2638017175647052
1574,0,-0.01616229059545769
1575,1,0.1572062293440416
1576,0,0.7061206839562014
1577,1,-1.6506568006188465
1578,1,-1.505009397626789
1579,1,-0.8433632413301165
1580,0,0.031871889728676724
1581,1,-0.7452246633263147
1582,1,-0.15701241930788523
1583,0,-0.40301913796070865
1584,0,-0.3896120422025192
1585,0,1.1408447757228335
1586,0,1.0194119357871159
1587,0,-2.5054403766256175
1588,0,1.086044455887752
1589,1,0.9002481123072688
1590,0,1.1101313652386215
1591,1,0.1303281646091842
1592,1,-0.8153242363491603
1593,0,-0.7029148720038186
1594,1,0.25531488417403264
1595,0,1.4797568404329005
1596,1,1.187596339166417
1597,1,0.1765336687512347
1598,1,1.2855972367174995
1599,1,-1.8962795746251564
1600,1,-0.38439298229565844
1601,1,0.8442640718810261
1602,1,-0.5629028496536305
1603,0,-0.8093871093425973
1604,1,-0.47339927316645225
1605,0,0.6624098258369714
1606,1,-0.9302958865508206
1607,1,0.45282497185915066
1608,1,1.498550668097323
1609,1,-1.120118883115656
1610,1,-1.050613447928977
1611,0,-0.19704183832477118
1612,1,-0.5463288448429229
1613,0,0.44427737579212523
1614,1,-0.06446604873492781
1615,0,0.7170101586814951
1616,0,-0.9039679939607611
1617,0,-1.9203681635064147
1618,0,-1.1344398810855798
1619,1,0.008575900193222885
1620,1,0.6615102635988205
1621,0,-1.1702641709231345
1622,1,0.7630321595088475
1623,0,-0.021376626801169796
1624,0,-0.42041724110717904
1625,1,-1.0228075011984488
1626,0,0.07002261390501316
1627,0,-0.251505324777083
1628,0,-0.04833111988828066
1629,0,0.4378904979470972
1630,0,-0.9084235725842233
1631,1,0.7056065803798034
1632,0,-0.9157035662335304
1633,1,-1.7772108465726222
1634,1,0.2184573935879831
1635,0,-0.8778973749429736
1636,0,0.6747860469765146
1637,0,0.9063952249411087
1638,0,2.5368279676718504
1639,1,-1.2028764911379284
1640,1,0.32787419162580844
1641,1,1.7263111484429041
1642,0,0.9741150248207783
1643,1,0.3507558128573043
1644,0,0.9235790689186635
1645,0,0.644892578356354
1646,0,-0.35336642772419
1647,1,0.8376166256608504
1648,0,-1.3017563383835946
1649,1,-1.0836909775630053
1650,0,1.0546814634804935
1651,0,0.760293359404626
1652,0,-0.572063094574555
1653,0,-0.3449506951182499
1654,1,-0.30113624003403683
1655,0,1.7243775718075263
1656,1,-0.11508178704360793
1657,1,-1.4418737532467047
1658,0,-0.6728715340981957
1659,0,0.9689319759323674
1660,1,-0.06661302969649535
1661,1,-0.4997330786571138
1662,0,1.2957440755352272
1663,1,0.12163055312704052
1664,1,-0.004194624032515376
1665,1,0.7632244265623616
1666,1,-0.20655802484188004
1667,1,0.8075795885876541
1668,1,-0.17640656313945727
1669,1,-1.6505833637102716
1670,1,0.40905663044826207
1671,1,-0.5799643853657864
1672,1,1.8532063923789341
1673,0,2.1750945870203253
1674,1,-1.0261440226033989
1675,0,0.7614842636664215
1676,0,0.23428315544738385
1677,0,0.28254528126989253
1678,1,-0.1578208342145945
1679,0,-2.2061498770407413
1680,1,-1.3655112545552692
1681,0,-1.4442588394009483
1682,1,-2.3165415561434552
1683,1,0.26889288311403275
1684,1,0.15785829067346174
1685,0,-2.149415769739146
1686,1,-1.4855276181996664
1687,0,0.6008431556148366
1688,1,0.9683761613162979
1689,1,-1.9185265413421637
1690,0,-1.7770880412478236
1691,1,-1.0973286560110334
1692,1,-0.5116703497220437
1693,1,0.47908399907338584
1694,0,-0.3488533536843674
1695,0,0.4985003043806449
1696,1,-0.00504313616814204
1697,0,-1.1531799175687514
1698,1,-0.34675770164929604
1699,0,0.21418273631355592
1700,1,0.33970680620719845
1701,0,0.2648918616838886
1702,1,0.042263680448430485
1703,0,-2.135162822027907
1704,0,-0.1419621495928969
1705,1,-0.7074655986162862
1706,0,-0.7640845230795755
1707,1,2.26752398104748
1708,0,-0.11286075459699722
1709,1,0.6549515933564115
1710,0,-1.1845116205739659
1711,0,-0.5902185479429314
1712,0,-0.5854029298737791
1713,0,0.7515527481767784
1714,0,0.22718983053850705
1715,1,-0.8886884379742342
1716,0,-0.013116355087020491
1717,0,-1.6728485790061407
1718,0,-0.9298701249257799
1719,0,-0.8409278647541761
1720,1,0.7899891783722904
1721,1,0.29248745278760263
1722,0,-0.6121850016659474
1723,0,0.07132928546086521
1724,1,0.5337113607024316
1725,0,1.048239337889985
1726,0,1.6372900767326735
1727,1,-1.1430308598764636
1728,0,-0.34226565267346104
1729,0,-0.5158163129940042
1730,1,-0.4724775822297504
1731,1,0.271122410150602
1732,1,-1.8890960559684367
1733,0,0.1780618040874796
1734,0,-1.1012650357327718
1735,0,-0.21284461356006906
1736,0,1.3637903436102705
1737,0,-1.6075365621874396
1738,0,-0.8362964627766807
1739,1,0.17211723555934783
1740,0,-0.019587023295191228
1741,0,1.4370774869085259
1742,1,0.26853308387023367
1743,0,-0.19647765961986485
1744,1,0.0028565820377718454
1745,0,0.7307717892053059
1746,0,0.865702754484562
1747,0,2.389520953620846
1748,0,-0.030185295219803808
1749,0,-0.6162405290117077
1750,1,0.5254617618240247
1751,0,-0.6414110984048135
1752,0,-0.6940858246270921
1753,1,-1.5129835165975187
1754,1,-1.1863430242285886
1755,0,-0.13340597982129004
1756,1,0.5750231678702762
1757,1,1.3446225722490206
1758,1,0.618832555416498
1759,1,0.4065570891886112
1760,1,0.45897343445198
1761,0,-0.630511018121743
1762,0,0.7344276583131584
1763,0,-0.5548130404824568
1764,1,0.21355000835128668
1765,1,-0.10269745778738876
1766,1,-0.658231751246411
1767,1,0.2093758187422378
1768,1,2.232161776885672
1769,1,-0.26438527136795126
1770,0,-0.26252372688069764
1771,1,0.9632825838857987
1772,1,-0.18640253671481144
1773,1,1.1404312861693497
1774,1,0.013589993878392055
1775,0,-0.022080579738556004
1776,1,-0.559526342075276
1777,0,-1.8039346434948471
1778,0,0.7053170444296526
1779,1,0.3996861282495687
1780,0,0.8438413592652835
1781,1,-1.7716114843190551
1782,1,0.6539758280551312
1783,0,-0.84373660028948
1784,1,0.7973478280248032
1785,1,-2.041209726278
1786,1,1.288566729247206
1787,1,-1.0289164588008113
1788,0,0.10408662479752502
1789,0,0.13900134713845502
1790,1,0.5455873292015905
1791,0,-0.6881694231843241
1792,0,0.16307314281994734
1793,0,0.654982421043052
1794,1,0.38689290005004523
1795,1,1.8281147754444806
1796,0,-0.9681110950202985
1797,1,-0.3856627943858043
1798,0,0.979321077656848
1799,1,-0.9030938707761976
1800,1,0.35271747918419316
1801,1,0.37880663745515825
1802,1,-0.033947593344680754
1803,1,-0.15010919552767074
1804,0,0.1296155543957166
1805,0,0.4009859813467149
1806,0,-0.5525897740184307
1807,1,0.025092450469296042
1808,0,-1.175651653582349
1809,1,-1.1147032680976057
1810,1,-0.794984501533924
1811,0,0.7650097917778779
1812,1,-1.7465664758648485
1813,1,-0.24632993745047407
1814,1,-0.11922967539715193
1815,1,-0.532032359881098
1816,1,-0.6350581622430573
1817,0,-0.7410899058649162
1818,1,0.3532805041126926
1819,0,-0.8598563899617468
1820,0,-0.7261673755507188
1821,1,2.0477511251670735
1822,1,-0.2459432173911898
1823,1,-1.7935160410754116
1824,1,1.6799218219715073
1825,1,-0.2413557799023084
1826,0,2.407796702357772
1827,1,-1.9270546866296985
1828,0,-0.48302218911178346
1829,0,-0.6368605219338892
1830,1,0.33047738873498367
1831,0,1.400489114701483
1832,0,0.6104635964244329
1833,1,-0.7240622676531917
1834,1,0.8805726369563734
1835,1,0.40224974564606863
1836,1,-0.13222758365781603
1837,0,-0.15247015699610197
1838,1,0.46455762227180875
1839,1,0.9484028320817385
1840,0,-0.4019402631774746
1841,1,1.5399391445386112
1842,1,0.46515601084715025
1843,1,1.16075505615968
1844,0,0.32692307589621317
1845,0,1.6620355131046156
1846,0,0.7467278962397847
1847,1,-0.630117245686084
1848,0,0.5556083873933402
1849,0,0.6223841820429141
1850,1,2.24236270914704
1851,0,0.08211321861614951
1852,0,-1.1148614742796732
1853,0,0.4310460125725186
1854,0,1.0606348084431738
1855,0,1.5516592378221117
1856,0,0.7947005053102838
1857,1,1.6051337867143367
1858,1,0.8539088970340873
1859,0,-2.1135316207289674
1860,0,-1.498915645161734
1861,0,-0.537729276342798
1862,0,0.6358328013388828
1863,0,-0.8237799400897684
1864,0,-0.6186898427295515
1865,1,-0.4997054651588694
1866,0,0.24773810989705453
1867,0,2.4848409456152907
1868,0,0.42997867913259596
1869,0,0.39936324211897767
1870,0,-1.017660498795424
1871,0,-1.9987916179584735
1872,0,0.9788170808107707
1873,0,0.39794998759618855
1874,1,-0.49996672322283336
1875,1,-0.09154239161077898
1876,0,1.5821000774942509
1877,1,-0.49009268033670544
1878,1,0.6270548890300177
1879,1,-1.5265986129072004
1880,1,-0.34792255273036116
1881,0,0.561109652929044
1882,1,-0.19571796861713345
1883,1,0.37170583866078916
1884,1,1.1671032771396506
1885,0,-0.46560401557157916
1886,0,2.200023791182362
1887,0,1.5431760698697337
1888,1,0.35057693963669173
1889,1,0.5113662223923546
1890,0,-0.8833723018908474
1891,0,-1.6974087997264915
1892,0,0.5685324976530111
1893,0,1.7263455653507753
1894,0,0.8288669533550552
1895,0,-0.30118272175825334
1896,1,0.29932343849526044
1897,1,-1.1861537639136965
1898,0,-0.0776134300691268
1899,0,2.328685095408096
1900,0,-0.15167133032554408
1901,0,0.6296935540794253
1902,1,-1.3973585817679557
1903,1,0.08044009758788105
1904,0,0.2583532508663749
1905,1,-0.9207012018117491
1906,1,1.6621170159111478
1907,0,-1.253475027904537
1908,1,-2.6810359986533374
1909,0,-0.28118465975807955
1910,0,-0.1069778352371515
1911,1,-2.2558286320765046
1912,0,-0.8991589898516557
1913,0,0.4393626660235639
1914,0,-0.49149549393557435
1915,1,-1.2185547357203244
1916,1,-0.7775450676367563
1917,1,-1.035165620365394
1918,0,1.3677666344549644
1919,0,1.701318165999693
1920,1,-1.2055487238648486
1921,1,1.0846891227709812
1922,0,-0.3058515975311467
1923,1,-2.331000170068192
1924,1,-0.3127389155663521
1925,1,-0.7786495312104688
1926,1,0.07576692651202135
1927,0,2.3205201438043006
1928,0,-0.9544303707759861
1929,0,-0.3591064039655435
1930,1,0.41459870623612816
1931,1,1.0415400407787838
1932,1,1.1435075077967796
1933,1,0.894279397971595
1934,0,0.7150036922521265
1935,0,-0.2585944502728861
1936,0,-0.8512848967831765
1937,0,2.594487760763896
1938,0,-0.030075932625847176
1939,0,0.1422893834112453
1940,1,1.7287945987767706
1941,1,0.07281181557630552
1942,0,-0.6001817990382995
1943,0,0.4421926301034714
1944,0,-0.44817380019270525
1945,1,-0.8211587766400527
1946,1,0.42608223590974903
1947,1,-0.80208098795452
1948,0,0.4210637391259145
1949,0,0.22646286317691877
1950,1,-0.9952483815414256
1951,0,0.5420074043971679
1952,0,-0.8608224605275073
1953,0,-0.2015855464560881
1954,0,1.839087730085384
1955,0,0.06140288405220441
1956,1,-1.8332900270678385
1957,1,0.3526206642239861
1958,0,1.4446449689059067
1959,1,-0.639512393197992
1960,1,-0.2720928250213802
1961,0,-2.499013388426018
1962,1,-0.2500523961313686
1963,1,0.33000311664931703
1964,1,-1.887001807343376
1965,1,1.3339785336058108
1966,1,-1.2589898541077504
1967,0,0.5916612787367036
1968,0,-0.1385999875957089
1969,0,-0.7144489656653227
1970,0,0.344483660990932
1971,1,-0.5151089703348307
1972,0,0.23553250791231933
1973,0,-0.2324745592712395
1974,1,0.14883924217348427
1975,1,-0.7003756260746957
1976,1,-0.8343381291475532
1977,0,0.1638442858969714
1978,1,-0.7670636522630748
1979,1,-0.7952108182217124
1980,1,-0.7012015457334859
1981,0,1.2129533337334593
1982,1,2.0358893462829997
1983,1,-0.10602790655504203
1984,0,0.15127798596749176
1985,1,-1.4820490682687364
1986,0,-1.6068858600579095
1987,1,-1.929910124564872
1988,0,1.781939488368268
1989,1,0.45513944381125354
1990,0,-0.3405485152594374
1991,1,-0.9144676338272564
1992,1,-0.04093427405508877
1993,0,0.22410396294911805
1994,0,1.1263032850798045
1995,1,-0.666127230936948
1996,1,0.7912632437461613
1997,1,0.8437274053703919
1998,0,0.8617775769067575
1999,0,0.4541566234286582
2000,0,0.05199771122840879
2001,0,-1.1955629145320603
2002,0,1.1057642432418253
2003,0,0.09738111653055101
2004,0,0.6363256904818977
2005,1,-0.6736133865468592
2006,1,0.3133782877601512
2007,0,-0.5672999116046002
2008,1,0.3540335811746256
2009,0,-0.7785976588679497
2010,0,-0.5321377180594521
2011,0,0.9774259570044893
2012,0,1.2095952586930938
2013,1,1.4572443429735522
2014,1,0.38215481237186544
2015,1,2.254745641308409
2016,0,1.0859225810331534
2017,1,1.0252992741655516
2018,1,0.7046450273330367
2019,1,-0.477310869279646
2020,0,1.532855056920292
2021,1,-0.2938297142845136
2022,1,0.4642182580093132
2023,0,0.23680115230797447
2024,0,2.6688477931965044
2025,0,-0.5747173914715952
2026,0,-1.638099845553013
2027,0,0.2998590795083923
2028,0,1.3272028823887105
2029,0,0.5215373968266667
2030,1,-1.29949637563965
2031,0,0.2533977526068622
2032,0,-0.08638460239763644
2033,0,0.07839089245612868
2034,0,0.019864853434372498
2035,1,-0.030632179881009955
2036,1,-0.00958628223427437
2037,1,-1.7044675525444852
2038,0,-0.34591258937614605
2039,0,0.30430591949079205
2040,1,1.9156301806163687
2041,0,2.09149772853933
2042,0,0.9170131916719448
2043,0,0.14074825046841286
2044,1,-2.7917285341626963
2045,0,0.2576102376236891
2046,0,-0.5157615934692344
2047,0,0.7830645337560892
2048,0,-0.22464757627303897
2049,1,-1.218310076854044
2050,1,0.8940143607729664
2051,1,0.39147702157451575
2052,1,0.9320141088002196
2053,0,-0.19690576289583064
2054,0,-2.0915960314216773
2055,0,1.0557212766263595
2056,0,0.3532417561923805
2057,0,-1.2170611556153155
2058,1,-2.196489597735255
2059,0,0.875763499736975
2060,1,-0.8341284628467346
2061,1,1.2313615147952768
2062,1,0.994285393427418
2063,1,-0.6101924524740354
2064,0,1.7625556040447088
2065,0,-0.9049603595246796
2066,0,-0.7504956205537251
2067,0,-1.258235429717765
2068,0,0.28468411414065264
2069,1,0.25109512053507393
2070,1,1.1329308898113162
2071,0,0.14178013487955218
2072,1,1.8192029171704884
2073,1,-0.5739762588713999
2074,1,-0.4456639130592645
2075,0,0.44802802176525097
2076,1,-0.799392777100244
2077,1,-0.7977003156234833
2078,0,0.16214013279725234
2079,0,0.17745723291920543
2080,1,-0.5938005816958519
2081,1,0.33672913775733937
2082,1,-2.622816594755421
2083,0,1.5578682942974642
2084,0,-0.4011558864010641
2085,1,0.8056655549005951
2086,1,-0.18554698520838428
2087,0,0.8613948384904402
2088,0,0.008119681004056389
2089,0,-0.3699132351835979
2090,0,0.43232862097656855
2091,1,1.4462234638833078
2092,0,0.10126308235338709
2093,0,0.17800165144620259
2094,0,-0.015801188369946997
2095,0,-0.42833846237042295
2096,1,-0.02837215003090379
2097,1,-0.5567030288152567
2098,1,0.3887410097721122
2099,0,-0.7055751331915563
2100,1,0.5677047197880082
2101,1,-0.7509465405786305
2102,0,-0.41405334304906666
2103,0,-0.033392601409436916
2104,0,0.2839171268155613
2105,0,-2.1543852633689538
2106,1,-0.008853437013145003
2107,0,-0.5211906296420296
2108,1,0.9859700565582609
2109,1,1.0962796116464366
2110,0,0.5214681974485508
2111,0,0.4046859074129898
2112,0,-0.5895529095573921
2113,1,0.40696309682314624
2114,0,-0.414073035193567
2115,0,1.7717474251820844
2116,0,0.3603241621524949
2117,0,-1.4042078161200495
2118,0,0.2134519461270958
2119,1,-0.9463377903517705
2120,1,0.05709216864289746
2121,0,0.8784433520069225
2122,1,-1.475227988843622
2123,1,0.5121615565579479
2124,0,-2.1626967185274273
2125,1,-1.0177141994883492
2126,0,-0.21985091304828813
2127,1,1.2648992209132657
2128,0,0.1835756043238429
2129,1,0.00850510787558813
2130,0,-1.0958237807520155
2131,1,1.0774837617700077
2132,0,0.3178134660867231
2133,1,-0.18355544832525336
2134,1,0.19792655551830537
2135,0,0.8908763959993512
2136,0,0.4750314367783612
2137,1,0.18626178072806124
2138,0,-0.9098803819569649
2139,0,-0.422259130899773
2140,0,0.13600562938434213
2141,0,0.6509292411023356
2142,0,0.18262838619073313
2143,1,-0.1417885060198447
2144,1,0.39886053588061404
2145,0,-0.18555610585842766
2146,0,-1.2949287326694703
2147,1,0.9878658241696836
2148,1,0.777763596662946
2149,0,0.524040471572479
2150,0,0.4338659885990152
2151,0,-0.78114638842862
2152,0,1.1236824018817164
2153,0,0.46688039254545166
2154,0,0.49829111339887755
2155,1,1.3615526493785246
2156,1,-0.9832663761830374
2157,0,-1.0376434251683
2158,0,0.10541078623342043
2159,0,-0.023816674230978094
2160,1,-0.17546159353790766
2161,1,-0.7499651893337201
2162,0,0.35794987555195484
2163,1,1.154509883543009
2164,0,0.04166415739825573
2165,0,-0.07099183876285836
2166,1,0.9451282413280682
2167,0,-0.9605860559975476
2168,0,1.3252974379667184
2169,1,0.061986204901416195
2170,1,-1.413274733474384
2171,1,0.03942991303325758
2172,1,0.04848433935758838
2173,0,0.2685260332616664
2174,1,-0.13432578990301294
2175,0,1.145003521851341
2176,1,0.682124062270849
2177,1,0.6464585485496368
2178,0,0.9372269774280683
2179,0,0.9304001927803061
2180,1,0.19921776505560904
2181,0,-0.33883634422331765
2182,1,-0.2137976566715394
2183,0,2.383464614541588
2184,0,-1.1525884338620047
2185,1,-1.2026289076762833
2186,0,-0.34818208136856477
2187,1,-0.1737573709402494
2188,1,0.7624723417421525
2189,0,-2.1748426094190574
2190,0,1.4628126796843166
2191,0,-1.6655928033616252
2192,1,-0.26712057185401233
2193,0,-0.11365974712470422
2194,1,0.10836855382685266
2195,1,-2.290862559229525
2196,0,-2.5397781734223477
2197,1,-0.7579150580588653
2198,1,1.4243609267885842
2199,0,-0.6704540325186984
2200,1,0.6823963209171657
2201,0,0.6120822663197562
2202,0,0.1669479025561623
2203,1,-1.33185683033102
2204,1,-0.994592252233445
2205,0,-1.1178413344180114
2206,1,-1.2455403431824952
2207,0,0.243502590980993
2208,0,-0.7812257551793703
2209,0,-0.07358730732627956
2210,1,2.4508842280267737
2211,0,0.9673792433359952
2212,0,-0.5977026460638732
2213,1,-0.3724747281811931
2214,0,-0.38033692468416647
2215,1,0.17242345798932993
2216,1,0.8600469038701598
2217,1,0.7108437003309764
2218,0,-1.6391255925729264
2219,0,0.6465644271585265
2220,1,-0.23002941824854148
2221,0,0.07705655741297181
2222,1,-1.3590330964192199
2223,0,0.5797144971787012
2224,1,-0.47952870874362574
2225,0,1.3940081165036413
2226,0,-0.9658757565521121
2227,0,0.10421245970560675
2228,0,0.02102465938136056
2229,0,1.570308140714639
2230,1,0.603276283673861
2231,1,1.2582396054759055
2232,1,-0.43731531220939246
2233,0,-1.8280981991321903
2234,0,-1.31126124010341
2235,1,2.3140471521987944
2236,0,1.7607976511253127
2237,1,0.23447679434887092
2238,0,0.6613946874618893
2239,0,-0.9559460082743039
2240,1,-0.1628151859928762
2241,1,0.529197835088209
2242,0,-0.36630983820895735
2243,0,-0.21636873037146584
2244,1,-0.41540818036368626
2245,1,-0.6609702398771926
2246,1,-1.8842980623747074
2247,0,-1.3189231096456386
2248,1,-0.9077031028720053
2249,0,1.7331531239360196
2250,1,1.840921996947713
2251,0,-0.40445298438589067
2252,0,-1.051799893281318
2253,0,-1.5885546463980933
2254,1,-0.4168994418592239
2255,1,1.9353570004242535
2256,0,0.1519062878090847
2257,1,0.0296450312641155
2258,0,0.2530105521612141
2259,1,0.7405482139247661
2260,0,0.135724357092462
2261,0,-2.031726992573916
2262,1,0.4863114231888532
2263,1,0.2729659889429391
2264,0,-1.8565470468769034
2265,0,-1.623733697741418
2266,0,-0.46211691328362503
2267,0,0.19083152324917074
2268,0,0.42800258494614585
2269,1,0.006240733708481567
2270,0,1.0378016769222596
2271,0,0.21426900761230697
2272,1,1.091310126549443
2273,1,0.738866173256798
2274,0,-0.009672393483294477
2275,0,0.7636368647819951
2276,1,0.023198178196707487
2277,0,1.3958729449779403
2278,0,-0.5059584838020486
2279,1,-0.6425326726221767
2280,1,0.778715977679319
2281,0,-0.9358910710555034
2282,1,-1.5694246994293695
2283,0,0.9489484211552538
2284,1,-0.8159421192525578
2285,1,-0.7696445328697337
2286,1,-0.0043484406828031485
2287,1,0.6830273758631199
2288,1,-0.8112455292309766
2289,0,-0.9142626770049715
2290,0,1.704471256244162
2291,0,0.3102723917227259
2292,0,0.5852908314498935
2293,1,0.24017602535968957
2294,0,-0.9401490641352085
2295,1,1.7881792675627664
2296,0,-1.1723343913544548
2297,0,0.19147016720454604
2298,1,-0.8864842316723262
2299,0,-1.6429531678907145
2300,1,-0.3969995748787282
2301,1,-0.025122630632472494
2302,1,0.2374716789480587
2303,0,0.2817444945219158
2304,1,0.19665792961054318
2305,0,0.8839684357288252
2306,0,1.0947586944965277
2307,1,0.013892056578125514
2308,0,0.28416051377227564
2309,0,-0.8480265656620548
2310,1,-0.1566505522712486
2311,1,0.7106382900945887
2312,1,0.4304495618764155
2313,1,-0.9506087219713886
2314,1,1.1005937964414427
2315,0,-0.033974948158211116
2316,0,-0.798630255998213
2317,0,0.17319204641560557
2318,0,-0.2033076719120607
2319,1,2.4639380167613023
2320,0,1.189428496980018
2321,1,-1.6749015291285971
2322,0,0.08330573752948012
2323,0,-0.7385900478599076
2324,1,0.36756611756825625
2325,1,0.23528652210489667
2326,0,-1.82371810207856
2327,1,0.20344602508543927
2328,0,0.9138575845404704
2329,0,-0.06364096496378883
2330,0,0.147897723030833
2331,0,0.5248584307487152
2332,0,-1.1575394719474634
2333,1,1.2058219188917476
2334,1,0.04553368440542981
2335,1,0.5534627094192026
2336,1,0.648190310497776
2337,1,-0.5071705677405564
2338,0,-0.29168224063400056
2339,0,-1.9997762685317604
2340,1,-2.24491143165968
2341,1,1.0014904253685093
2342,0,-1.466815076839603
2343,1,-0.9826945743459048
2344,0,-0.021057037275575483
2345,1,-0.6234498895357329
2346,0,-0.7452591722844223
2347,1,-0.824953672483986
2348,1,0.6401256544851421
2349,0,-1.972509969469014
2350,1,-0.6059729993622905
2351,1,0.8388550688396444
2352,0,-0.2917868645683605
2353,1,-0.9842449495455984
2354,1,0.23579438559109675
2355,0,0.6112132633884254
2356,0,1.4050615630823045
2357,0,-0.6404665475335258
2358,0,-1.3092242604279958
2359,0,-0.4975425545515761
2360,1,-0.2764181671962092
2361,0,-0.09241778767594504
2362,1,-2.012770045690049
2363,1,0.2908742685669838
2364,0,1.3826414154353757
2365,1,-2.171492086022811
2366,1,0.6984838900027825
2367,1,-0.262064018597865
2368,0,1.1163375579300268
2369,0,-0.15484152401094387
2370,1,-0.7743242379728512
2371,0,-0.600546980700854
2372,0,0.6541250768734209
2373,1,-0.6986079060669537
2374,1,1.4394952350519465
2375,1,-1.166743037583251
2376,1,0.8954246272935635
2377,0,-0.7011671079832645
2378,0,-0.24567525822152908
2379,0,-0.782836169861058
2380,1,-0.13348903140522236
2381,0,-1.051665637797176
2382,1,1.506497470111314
2383,0,0.11488857031248569
2384,0,0.3157547153996418
2385,1,1.4735675170877467
2386,0,-0.6311393438153057
2387,0,1.6361859661777978
2388,0,-1.1950407393272433
2389,0,-0.10254142308519934
2390,0,0.02783426392752241
2391,1,0.6373337140113248
2392,0,1.201553864335069
2393,0,-0.6042323350010058
2394,0,-0.2413990569005962
2395,0,-0.8279315903403932
2396,1,0.7644690672717244
2397,1,-0.34493185810154636
2398,1,-0.36449570289768507
2399,1,-0.8209644884580174
2400,0,0.23212434338580254
2401,1,0.9310089916691844
2402,0,0.7026506225676932
2403,0,0.10701616339136509
2404,0,0.5781286440578381
2405,0,-0.43076849737064415
2406,1,-1.9232836623697476
2407,1,1.2963149347603455
2408,0,1.2173107866971662
2409,0,-1.0075708923820796
2410,1,0.3296968869537523
2411,1,0.3654544840100816
2412,0,0.6521081733411372
2413,1,0.4839713634597944
2414,1,-0.6824553495689336
2415,1,0.3762229770868811
2416,0,1.245014238451957
2417,1,0.9231274607468584
2418,1,-0.5470559011257332
2419,1,1.7133588900928565
2420,0,-0.8116401278021214
2421,0,-1.0756292194610066
2422,1,0.46755493914244406
2423,1,0.13095220060895282
2424,1,0.5641806338161338
2425,0,-0.5562026769175293
2426,0,0.6885646035915846
2427,0,1.0860382850404637
2428,1,-0.16433985949638877
2429,1,-0.5348282111570464
2430,1,-0.3825238896126368
2431,1,0.4071545868719076
2432,1,0.37312643985932814
2433,0,-0.4813068947867113
2434,1,0.5205790342747275
2435,1,-0.25751135428083827
2436,1,0.5621907124974121
2437,0,-1.193027233749891
2438,0,-0.533665640979003
2439,1,0.8419424585941063
2440,0,-0.32297715487524203
2441,0,1.1447531668584
2442,1,-1.228978187456968
2443,1,-0.439321681589509
2444,0,0.2797287878311316
2445,1,1.1405675962978143
2446,1,-0.49039663462360944
2447,1,0.81276547587194
2448,0,-0.3824056710360682
2449,0,0.3702178225997217
2450,0,-0.5450073141690859
2451,1,-6.579493151689716e-05
2452,0,0.29809925898347656
2453,1,1.163874392835924
2454,0,-1.2545890611355768
2455,1,1.6527334194733416
2456,0,-0.13876329523301864
2457,1,1.008858745936158
2458,0,-0.8674436311593124
2459,0,-0.02902098219023721
2460,0,-0.4172526980232608
2461,0,0.37283693705380916
2462,1,-0.8370407428431964
2463,0,-0.1978470172017542
2464,0,-0.7935118320455875
2465,1,-0.9329278487873632
2466,0,0.935041067670655
2467,0,-0.32956534805997734
2468,1,0.9837978702530091
2469,1,0.6623982997205272
2470,0,-0.16873554782460257
2471,1,-0.001588813018977628
2472,1,-0.20374510952282715
2473,1,-0.13035132492737142
2474,0,-1.279720582609526
2475,1,-0.5561932175023844
2476,1,-0.8794774887522929
2477,0,1.5036260909810901
2478,1,-1.1736164489030019
2479,0,1.0551363195277548
2480,0,-1.583380267637803
2481,1,0.9416468404438777
2482,1,0.5462661978519762
2483,1,1.1128190747571411
2484,0,0.45650656991388483
2485,1,1.1766656594195244
2486,1,-0.7028975170997831
2487,1,0.40705336935484426
2488,0,-0.03535460268100101
2489,1,-0.9821377671905286
2490,0,0.09843216212686803
2491,1,-0.9007181935887664
2492,1,-2.63681483383896
2493,1,1.107946204077615
2494,1,0.4916215652850193
2495,0,0.2517088542302886
2496,1,1.203731046799828
2497,1,0.496013933538763
2498,0,0.839868270568236
2499,0,1.2767551547542366
2500,0,-1.051716623359894
2501,0,1.4761171367772379
2502,0,-1.1129068321727933
2503,1,-1.0083625571969905
2504,0,-1.011797489025269
2505,0,-0.2008191570188004
2506,1,1.5551640750418987
2507,0,1.5958329467473582
2508,1,-0.3260851763179098
2509,0,-1.4038447122319182
2510,0,-0.5220465437886359
2511,1,1.1136233243697335
2512,0,0.9465045515205847
2513,1,-0.21799956776142898
2514,1,0.5781395723373298
2515,1,-1.2178774135853676
2516,1,0.13082263495118632
2517,0,-0.3141985542532182
2518,0,-0.4125018407708851
2519,1,0.6370122546148674
2520,1,-0.6336199643265283
2521,0,-1.3910627076676896
2522,1,0.6989017641554742
2523,0,0.2529675125250652
2524,1,-0.5238051372688334
2525,0,2.103528275859708
2526,0,-0.7435767627970823
2527,1,0.16442030409630462
2528,0,-1.3794816681991255
2529,0,0.17610471347840612
2530,1,0.20348892153406833
2531,0,0.27092292966997766
2532,1,-0.8054231821760659
2533,0,0.05094975534234103
2534,0,-0.015374164737111253
2535,1,-0.6874328438943366
2536,0,0.36329435915679276
2537,1,-0.3342076622034412
2538,0,0.014262930497950879
2539,0,-1.6704907401094629
2540,1,-0.22075436099604676
2541,1,-0.970942778782949
2542,1,-1.571474440254773
2543,0,0.8577872135803369
2544,1,0.09304335099580971
2545,1,-1.2266514370530284
2546,0,-1.9788312266651935
2547,0,1.2849831420000168
2548,1,-0.7006154084508674
2549,0,-0.9397294202605603
2550,1,1.5400226081204584
2551,1,-1.583773010522934
2552,0,-0.07828209813498391
2553,1,-0.6652022881633335
2554,1,-0.05200027879007435
2555,1,0.08198287754219419
2556,0,-0.6902761832205412
2557,1,-0.4549702392872646
2558,0,-0.1701253115068376
2559,0,0.22549123940454457
2560,1,0.9935464694333173
2561,1,-0.6276188264824241
2562,0,0.4136479202302846
2563,0,0.09824944461743337
2564,0,-1.5707233455896281
2565,0,-0.11030571868205395
2566,0,-1.0426868041453945
2567,0,-1.3516980257188405
2568,0,-0.2105888029665803
2569,0,-0.1176393394984862
2570,1,0.1262189396637541
2571,1,-0.6141109499630667
2572,0,0.005242120409549813
2573,1,-0.9347044685666064
2574,1,-0.174855300636496
2575,1,0.7710469476196055
2576,1,2.43203370786029
2577,1,-0.05956779754389702
2578,0,0.09018938235385958
2579,1,-0.20218395117192617
2580,0,-0.635490523997189
2581,1,-0.29118004811896103
2582,0,-0.5655469801744195
2583,1,-1.6677654928549301
2584,1,-0.5277510314110245
2585,0,-1.4640093306189337
2586,1,0.3245589096711531
2587,1,0.567960741346471
2588,0,1.2593688345093428
2589,0,0.5414817587694407
2590,0,1.8518429590072287
2591,1,-1.0215880644804647
2592,0,0.9984631274047207
2593,0,0.9324619856312993
2594,0,0.4809260118420213
2595,0,-0.1504829499853214
2596,0,-1.7603595568201302
2597,0,-1.2256028321762695
2598,0,1.1330949085199922
2599,1,-1.4809949531118085
2600,1,-2.1264339661585083
2601,0,0.9488392872211913
2602,1,-0.6010130660153588
2603,1,-1.6422809987554696
2604,1,-0.46833946634042567
2605,1,-0.15117816595200245
2606,1,-0.730362009271417
2607,0,-0.5494893979718253
2608,1,-0.4177262554474204
2609,1,-0.42715893888009554
2610,1,0.358492207661374
2611,0,1.8326091613910211
2612,0,0.7805508893116533
2613,0,-0.09112775995880591
2614,0,0.34984693247892745
2615,0,0.7640811747584259
2616,0,-0.4027522438703843
2617,1,0.14452056622341725
2618,0,0.041428993298667866
2619,1,0.4844374316338255
2620,1,0.5408486194628952
2621,1,1.1038932562860222
2622,0,-0.6217738228765898
2623,1,2.464296188482162
2624,0,-0.47118677342470255
2625,0,-0.6988182165770793
2626,0,-0.9394704164488455
2627,0,-1.6444296566762862
2628,1,0.8779653159595134
2629,1,0.2801950235080158
2630,1,-0.27297617935000795
2631,1,1.0384880075592104
2632,1,1.4458122699324174
2633,1,-0.9688804015385953
2634,1,1.091757122551662
2635,0,0.6217060999697712
2636,1,-0.09274126937055059
2637,0,0.002843914224763339
2638,0,-1.776801657872715
2639,1,-0.6997274831784204
2640,0,0.6725069256534398
2641,0,-0.965438311643269
2642,0,0.4815439170975657
2643,1,-0.9332729564890716
2644,1,1.1878050048940112
2645,1,-1.3352849269909153
2646,1,-0.12554951223378583
2647,0,-0.17047093522171097
2648,1,0.027136341191559846
2649,0,-1.0100787854982642
2650,0,0.04466145738492127
2651,0,0.6590622744847912
2652,0,0.260373818766424
2653,1,1.0263938035845426
2654,0,1.1409110348288831
2655,1,0.8201997163296939
2656,1,0.708151873194064
2657,1,0.06696469297397226
2658,0,0.587312137643251
2659,0,0.7347031009140153
2660,0,0.06881243780675839
2661,1,0.5391038792375675
2662,1,-0.11561453053391765
2663,0,2.2306939827920025
2664,1,-0.20617189447599105
2665,0,0.08067801135262591
2666,1,-0.25866622579661364
2667,0,0.3639073834675819
2668,1,0.26385058895332336
2669,1,1.2336978920268054
2670,0,-0.9559420570149123
2671,1,0.15281873397397333
2672,0,2.280341766893449
2673,0,0.375910803849155
2674,1,0.582212194340493
2675,0,0.7693412904085535
2676,0,-0.6615911057632294
2677,0,-0.15971665943579277
2678,1,1.908330037172346
2679,1,-1.1828634877719828
2680,1,-0.24618677596200994
2681,0,-0.6094603398136459
2682,1,0.23691379082630756
2683,1,0.6821509732557077
2684,0,-0.352851265708555
2685,0,0.7138497743270446
2686,1,-0.9297489176624818
2687,0,-0.2272248214261992
2688,1,-0.6380895662820023
2689,1,-0.48294706303250895
2690,0,2.4704436664507585
2691,0,-1.185718829512377
2692,1,-0.18907486998673848
2693,0,0.2710514606120416
2694,1,-0.45184184064448224
2695,1,0.6331677565969076
2696,0,1.0254069235110133
2697,0,0.31129423017896934
2698,1,0.40588488856516736
2699,1,-2.430428963150432
2700,1,-0.8207018103540614
2701,0,-0.630358364172356
2702,1,0.07433742577751376
2703,1,-1.2220054747759832
2704,0,2.1364222629771126
2705,1,0.3418482287929978
2706,1,0.8290985640046429
2707,1,-0.13641507169386313
2708,1,-1.5439978508401813
2709,0,0.5218040764656768
2710,0,0.22993534304722432
2711,0,-0.8229818022923309
2712,1,0.9558369380635008
2713,0,1.080879101145952
2714,1,0.6075471297587851
2715,0,-0.01186812296373862
2716,1,-0.6576167397191085
2717,0,0.2288196351153768
2718,0,0.08303020869372171
2719,1,-1.0016739566076769
2720,0,1.0090238136437566
2721,0,0.8457000058162993
2722,0,-1.1435509975092981
2723,1,-0.8956315694207413
2724,0,0.20252032683682816
2725,1,0.6653401063949775
2726,0,-1.001726088214437
2727,0,0.9466974315670357
2728,0,0.9408082432403725
2729,0,0.5557868781328318
2730,1,0.056547764762065106
2731,1,1.7303408080703309
2732,1,-0.29949861925286075
2733,1,0.4330966699461812
2734,0,-0.37876806173659616
2735,0,0.5610386318983581
2736,0,-0.6163237575606253
2737,0,0.2704340098410692
2738,1,1.0973086413961595
2739,1,1.657822519080094
2740,1,0.2506134765254307
2741,0,0.4862069546959471
2742,0,-0.11855377134565422
2743,1,-0.3014792057032188
2744,1,-0.8588749466441097
2745,0,0.37094734400366886
2746,1,1.8985130490217204
2747,0,-1.2289776014461162
2748,1,0.5421430467900321
2749,0,-0.4240263783836397
2750,0,1.3431235524343754
2751,0,0.4784549427435397
2752,1,0.4945110159243103
2753,0,0.9977613625150621
2754,1,0.5592424466467566
2755,1,-0.7511598572990198
2756,1,0.8392051573601886
2757,1,0.45983422203890606
2758,1,2.2047464797743017
2759,0,-0.008592483993755192
2760,0,-1.2943853400309555
2761,1,1.5531280059554007
2762,0,0.1976060266615761
2763,1,0.3694790683052169
2764,1,-0.9789270271288772
2765,1,-1.5702553957092331
2766,0,-0.12069815544466019
2767,1,1.050407131965138
2768,0,0.3798657735981241
2769,0,0.7560915994444549
2770,0,0.1909731778135363
2771,1,-1.6364348132130653
2772,1,0.08116190500397265
2773,0,-1.2329607854491282
2774,1,-0.20368697030431385
2775,1,-0.2848946450373379
2776,0,0.0037669622010104435
2777,1,-0.22993262182541988
2778,1,-1.2094943292403237
2779,0,-0.33726368389465416
2780,1,-0.1606460910991404
2781,0,1.1434340670504501
2782,0,-0.05262188087789705
2783,1,1.2847665799165433
2784,0,-0.04945098772644005
2785,1,2.4651862858831133
2786,1,1.1389361805261746
2787,0,0.1668828368665158
2788,0,-2.040827029533212
2789,0,-1.0886425788527807
2790,1,0.9205316788800738
2791,0,-0.22167263133954246
2792,1,-1.590992046806841
2793,0,0.2595377669211561
2794,1,-0.2751190614276058
2795,1,-1.7207211597795449
2796,0,0.06703327202030673
2797,1,-0.4313037163342927
2798,1,0.5206812348301897
2799,0,0.39078169726313394
2800,0,0.1746918293686154
2801,1,0.1868994959965825
2802,1,0.3271488477525287
2803,0,-0.9554047928279287
2804,1,0.5558223587849948
2805,0,0.21956843953656197
2806,1,-0.09439915844275022
2807,1,-0.19125573529345108
2808,0,1.2825055677655846
2809,1,-0.12184920700609733
2810,0,0.6808027728570775
2811,0,-0.14220796631571672
2812,1,-1.1044980608925703
2813,1,0.6870126211445298
2814,1,0.26383512069044474
2815,0,0.7482363415962636
2816,0,-0.8642948755580515
2817,0,1.5345154086024244
2818,1,-1.54887805515818
2819,1,1.2058995620548543
2820,1,-0.4059791152185135
2821,0,0.23710152457753056
2822,1,-0.3348980253108578
2823,0,0.2591046002384568
2824,0,1.265885531713097
2825,0,1.2283914138772927
2826,1,-0.2727570349460003
2827,0,-0.7763897337276385
2828,0,0.7238283725082044
2829,0,1.5563581261599084
2830,1,-0.45257125182892977
2831,0,-0.2222779543245905
2832,1,-0.7158420152185597
2833,1,-0.6836126406502978
2834,0,-0.8907560622393393
2835,0,-0.07748910476576785
2836,0,-0.1895393261278864
2837,1,2.576213491960536
2838,0,-0.3979957624261065
2839,0,-1.821525302568116
2840,1,0.9917869867535214
2841,0,0.5949061126219841
2842,0,-1.506786574161976
2843,1,1.4617754471986757
2844,1,-0.1437468949326338
2845,0,1.6444233599114113
2846,1,-0.43804908038438256
2847,0,0.10255272140790712
2848,1,0.5174400095857442
2849,0,-0.2183931286503726
2850,1,0.3478449046670313
2851,1,-1.0340278265916414
2852,1,-0.45847741459058017
2853,0,-0.05003087846765577
2854,0,0.37823774688321254
2855,0,0.30558693793636
2856,1,-0.5395695823550529
2857,0,-3.212418586263796
2858,1,-0.24619123348633684
2859,1,1.525153478029888
2860,0,-1.2954923053686374
2861,0,0.28728487246684487
2862,0,-1.013645002769842
2863,0,2.07230996743158
2864,0,-0.33209933962350474
2865,1,1.1724694626879815
2866,0,-1.8084420448166345
2867,0,-1.0831193955923768
2868,1,1.588890234156682
2869,1,-0.3440471020938053
2870,0,1.4605188531144178
2871,1,0.08979970615743599
2872,1,0.724869266063776
2873,0,1.1198695939900596
2874,0,1.5879792199554472
2875,0,-1.6509783347755211
2876,1,1.3243508643911668
2877,0,0.9929923210088453
2878,0,1.9599072958118273
2879,1,-2.015466347573224
2880,0,0.9523030543789861
2881,0,-0.28065869169533764
2882,0,-0.03719729232320944
2883,1,0.98445662347934
2884,0,-1.3273228698010637
2885,0,1.1817531336814786
2886,1,-2.1331255728750644
2887,0,-1.172526457094817
2888,1,-1.2029174638496307
2889,0,-1.0380116437571998
2890,1,-2.1381494374002545
2891,0,-0.9804614350006117
2892,1,-0.5230289369336905
2893,0,0.04348916951386728
2894,1,-1.5577746888122912
2895,1,1.9243245491319423
2896,1,-1.095370426522289
2897,1,0.44459388737516464
2898,1,-0.8792612138088685
2899,1,0.7586693916384318
2900,0,-1.6422590617254573
2901,0,-1.1758750771880946
2902,0,0.295890639637509
2903,0,-0.08662113769504862
2904,0,-1.5383479286722577
2905,0,-1.911343636949813
2906,0,1.0213906816447527
2907,0,-0.024272941961891586
2908,0,-0.5551596655772992
2909,0,1.9898847117934244
2910,1,-0.8793503206504055
2911,0,-0.363784363485816
2912,0,1.2356239303851382
2913,1,-1.908139522327079
2914,1,2.229760545215892
2915,1,0.81312231755198
2916,0,-1.0411368741029692
2917,1,-1.4289872008318611
2918,0,-0.06520458197757312
2919,0,0.6166920467700779
2920,0,-1.3170382732029344
2921,1,0.19233136520017907
2922,0,-0.21353249153914766
2923,1,-0.4068952938897846
2924,1,-0.5176065413584171
2925,1,-1.0902089698636048
2926,1,-0.55782548486857
2927,1,1.571938600873954
2928,0,-0.2044312035667276
2929,1,-0.9335299087916902
2930,1,0.6599965342257333
2931,1,0.23154754242706874
2932,1,0.19040625051719354
2933,1,0.21973541573906866
2934,0,0.7477691088866774
2935,1,-1.342447031777724
2936,0,0.050889741620675805
2937,1,0.18194287388951502
2938,0,-2.223416965022731
2939,0,0.5615840378502853
2940,0,0.08345314472123744
2941,1,-1.120365343675827
2942,1,0.4384672945829038
2943,1,0.35832971137979075
2944,0,0.32674885611576604
2945,0,0.9598481062991857
2946,1,-0.8636228699976988
2947,1,-0.10153048817946678
2948,1,0.742138155498665
2949,0,-0.9371880597366588
2950,1,1.3515886647670936
2951,0,0.1902795497934231
2952,0,1.8426586799680222
2953,1,-0.014794381520697187
2954,0,0.29412341004648046
2955,1,0.26143226186499985
2956,1,-0.7674018283518871
2957,0,0.3823284709098754
2958,1,-0.19790064683022937
2959,1,-1.1669799527075484
2960,0,0.4439060392989493
2961,0,-1.0747532003801372
2962,0,-0.04893866653673431
2963,1,1.23670067490151
2964,1,-0.5763039904761964
2965,1,-0.44010224058404385
2966,1,0.9010812601436814
2967,0,1.821352255824425
2968,0,-0.7023322521567233
2969,1,1.256349996996061
2970,0,-1.9617879932762887
2971,1,-0.2504931786505096
2972,1,1.4686579946916518
2973,0,-0.8156823348873103
2974,0,-0.6611878653506642
2975,1,0.6603415144153317
2976,0,-0.8921182864732177
2977,1,-0.5649045151472983
2978,0,-0.18292464415007506
2979,0,0.9762609093854309
2980,1,-2.0113316107498247
2981,1,1.9683807053228493
2982,1,-0.5990559713374369
2983,0,0.6955474595438249
2984,1,0.004727459343875374
2985,1,0.4416336473768979
2986,0,1.472927115381811
2987,1,0.0013975559853056964
2988,1,-0.12138039706199771
2989,0,-0.8762971320052809
2990,1,0.5637134027572808
2991,1,-0.3103309164597436
2992,0,-0.8406662951951951
2993,1,2.1191781744437543
2994,0,-0.20848669167522385
2995,1,2.117692483149324
2996,1,-0.753336687573614
2997,0,-0.4306566868075569
2998,1,0.8391083469482914
2999,0,2.015063032739564
3000,1,1.8689096978304087
3001,1,-0.7531636028455708
3002,0,-0.015115140718224318
3003,0,0.9949367750621475
3004,0,-1.3311585464661155
3005,1,-0.658758327023968
3006,1,1.2678365385629078
3007,0,0.3441015887292743
3008,0,1.3796216215079868
3009,0,-1.851008750005597
3010,1,-0.6335965662066384
3011,0,-1.7052185643796054
3012,0,-2.0250820754489056
3013,1,1.9106026885947922
3014,1,-1.8683565451712776
3015,0,-0.2959853333637508
3016,0,1.0145968621046968
3017,0,-1.5150831749350544
3018,1,-0.8390057878499325
3019,0,1.1763267287270012
3020,0,-0.16947803206106132
3021,0,1.3284271714308185
3022,1,0.06196837270689484
3023,1,-2.594474336184048
3024,1,0.1727929345171137
3025,0,0.5081321811113095
3026,0,1.2650370824343824
3027,0,-0.32967992151848224
3028,0,0.6751020832031215
3029,0,-1.6690094107037854
3030,0,0.1872858866007125
3031,0,0.887926120253507
3032,0,3.303844829572293
3033,0,-0.5358819593390786
3034,1,-2.179887455053514
3035,1,1.711473798364199
3036,0,1.866653926072367
3037,1,0.9713029201021294
3038,0,-0.8081379670301584
3039,1,-1.3425388593569383
3040,1,1.2906679069821931
3041,1,2.2493255017736855
3042,0,-0.9540276950888593
3043,1,1.2851896719680447
3044,1,-0.44338855530529814
3045,1,-0.5087024404057586
3046,0,0.6272100318009172
3047,1,1.007208235076853
3048,0,-1.6089755436298236
3049,1,-0.7739087967555228
3050,0,-1.402399271626535
3051,0,0.15747802844682518
3052,1,-2.6532061963350726
3053,0,1.2072426020291398
3054,0,0.2007288429072192
3055,1,0.43074906442395366
3056,1,-1.3058673418742657
3057,1,0.4681211459302361
3058,1,-1.140496845077737
3059,0,0.7634551995835661
3060,1,0.5316009105645543
3061,1,-0.1703886057661148
3062,1,1.4944736411071806
3063,0,-1.5894629813711314
3064,1,0.4584927046777569
3065,1,-1.3878220110104005
3066,1,0.16768622787500673
3067,1,-0.771136121142097
3068,0,-0.929484341144776
3069,1,0.5390542954446689
3070,1,1.1002268087649272
3071,0,0.35960387985988196
3072,1,1.0998352631522577
3073,1,0.26780845816342724
3074,1,-2.320235578382588
3075,0,1.0065344358203272
3076,1,-1.9607410130175014
3077,1,-0.8385072638529029
3078,0,-0.39645900138748574
3079,0,0.7893816215118516
3080,0,-1.4101372096455806
3081,1,1.0285845125044832
3082,1,-1.0363607009823967
3083,1,-0.16953654870918053
3084,1,-1.7067228528163723
3085,0,0.5425616929172975
3086,0,0.6564061623035385
3087,1,0.5359635622395895
3088,1,1.2590757398371168
3089,0,-0.23316759929804626
3090,1,2.052039641961766
3091,0,0.28913809953114894
3092,0,0.08776009712375162
3093,1,1.4783769865546066
3094,0,-1.62980142459653
3095,0,0.004830906560583008
3096,1,-1.6011734533416628
3097,0,-0.508906356080717
3098,0,0.8001957728702338
3099,0,0.45579624278194497
3100,0,0.5229541399561026
3101,1,-1.44485020900668
3102,0,1.1972106482398708
3103,0,2.313198683920862
3104,0,-1.2346125266750916
3105,0,-0.40772002385567496
3106,1,-0.42659664237716294
3107,0,0.10791279907912825
3108,0,1.2620840461599552
3109,0,-0.48477782767320404
3110,1,-0.10061693604656985
3111,1,-0.5125723284977463
3112,1,-2.5206337494192623
3113,1,-0.3490180237730039
3114,0,-1.1263844456327432
3115,1,0.17874104211515165
3116,0,-0.8383159697947953
3117,1,2.7958260889218147
3118,0,0.7953748666569237
3119,0,0.27477079011774885
3120,0,-1.355606518064117
3121,0,-0.45049154273556635
3122,0,0.9356594837543543
3123,1,2.1371192599258206
3124,1,0.04695593313127244
3125,1,-0.058758984816813506
3126,1,0.30101896413644197
3127,0,-0.6141631939326192
3128,0,0.2305651887228181
3129,0,-0.5727545795325575
3130,1,-0.33229755198491373
3131,1,0.117796177801438
3132,0,-0.29382009297006545
3133,0,0.8986259305601072
3134,1,1.6489598601306368
3135,0,-0.5464095695761423
3136,0,-0.07852478461930165
3137,1,0.10227333577821336
3138,0,-0.9048428571755937
3139,0,-0.7515703228415134
3140,0,0.9055997625546011
3141,1,-0.9519910937807261
3142,1,-1.194774398873928
3143,0,0.7932683103567661
3144,1,-0.9082539879961763
3145,1,1.7016700815843435
3146,0,0.06982691917754756
3147,1,1.2001552102193598
3148,0,-1.1127909010183343
3149,1,0.7308977270769459
3150,0,0.3879078712913164
3151,0,0.7536146158343046
3152,0,-1.9125082619334355
3153,1,0.6893447187161348
3154,1,-0.7805626533408363
3155,1,-1.775904535739837
3156,1,1.2944981098703277
3157,1,0.6685516231136268
3158,0,1.0184771363480731
3159,1,1.4902552876150532
3160,1,-0.025041478630834935
3161,1,1.674123781489785
3162,1,0.7097114319302036
3163,1,-0.5692387605336992
3164,1,-0.6038850297834653
3165,1,0.14240852935323517
3166,0,-0.2205369288371769
3167,1,-0.15105147685730577
3168,0,-0.8353570117062441
3169,0,-1.2938112588653001
3170,0,0.5901538861221086
3171,0,-0.8543616863389389
3172,0,-0.6462856028293211
3173,0,-1.3529867655600671
3174,1,-0.7798758222466868
3175,1,-1.5059478483390327
3176,0,0.08396134955890625
3177,1,-0.01898280651770715
3178,0,-0.17231347230748104
3179,1,-0.4396005161777367
3180,0,1.5855786546930755
3181,1,-0.20360469787264104
3182,0,0.364727074019304
3183,1,-0.27084609585214897
3184,0,-0.4585424326450921
3185,1,-0.13311457491531067
3186,0,0.17520573623618607
3187,1,0.994527991275474
3188,0,1.6417420204928104
3189,0,1.2817378630282195
3190,0,0.09717020627453408
3191,1,-2.5255875398662404
3192,1,0.871797216025811
3193,0,-0.5091423443887663
3194,0,-1.2540674548735158
3195,0,1.8218703673326748
3196,1,-0.008345042618969754
3197,1,-0.544553844383923
3198,0,0.936710582353019
3199,0,-1.3248183446780808
3200,0,0.17771389273757107
3201,0,0.09761457920912667
3202,0,-1.5383444286537742
3203,0,0.016640446297290352
3204,1,-1.2892503367041226
3205,0,0.5319067818820208
3206,1,1.2385670566998925
3207,1,1.347332727338433
3208,1,0.3054441255415582
3209,0,0.21545235484512015
3210,1,0.2983238557462782
3211,0,0.34276347502990495
3212,1,0.9640249805953082
3213,0,-0.001604430651736446
3214,1,-1.1870801447248265
3215,0,1.141019727192798
3216,0,-0.2094836578353995
3217,0,0.08025127507412319
3218,1,0.3094317515824972
3219,1,0.812938542835025
3220,1,-0.7569532787225075
3221,0,-0.21990898738661688
3222,0,0.44336342593632994
3223,1,-0.39969469424207277
3224,0,-0.4508614051191829
3225,0,-0.3409284579154901
3226,0,-1.0136240988034153
3227,1,0.3427347785265016
3228,1,0.25822759875201345
3229,1,1.4534833164192136
3230,0,0.6161018725971124
3231,1,-0.23144030813039151
3232,0,0.3665102156107003
3233,1,0.4018491647768988
3234,1,-0.24883097825145536
3235,1,0.6840438647340594
3236,0,1.6282181803984936
3237,1,-0.2709311772725606
3238,1,-1.0142083190957902
3239,0,-0.16459411423979592
3240,0,0.5102681497902845
3241,0,-1.5713294303399117
3242,1,-0.1467190581154889
3243,1,-0.2287919942960557
3244,1,-1.31851714469207
3245,1,-0.09730695694289232
3246,0,0.8548155483692305
3247,0,0.7599687123414932
3248,0,-0.8991305997464835
3249,0,-0.4048584363154511
3250,1,-1.4796090874372452
3251,1,0.09636663315143107
3252,1,-0.46654378947719644
3253,0,-0.014916983664243174
3254,1,-2.082385930350892
3255,0,1.4821885710600302
3256,0,0.4341344308525666
3257,0,1.066950179780017
3258,1,1.8530320068473205
3259,1,1.1727965214676759
3260,1,2.0626769269633276
3261,1,-0.6488033704461995
3262,1,0.4050542237197641
3263,0,-0.6845098710604863
3264,1,1.615445049776641
3265,1,-0.8529022429071873
3266,0,0.07898057908551416
3267,0,-1.3153359975735113
3268,0,-2.2893266180631064
3269,1,-0.168354172888615
3270,0,0.799273762088962
3271,0,-0.7035455616217977
3272,0,-1.6290959118625365
3273,1,-0.5876122099547337
3274,0,1.762824395357514
3275,1,-1.1531399301835938
3276,1,-1.3319460807907952
3277,1,1.3365239222133485
3278,0,-1.2287039073190544
3279,1,-0.636347118349035
3280,1,-1.2950495449892812
3281,0,-0.1347122420516667
3282,1,-0.540312731840606
3283,1,-0.46194086955090674
3284,0,-0.2854088940323993
3285,0,-0.5225905531460283
3286,1,-0.05500413795247907
3287,1,1.561724796907895
3288,0,0.7872119878688462
3289,1,-2.293969916731685
3290,1,1.4891899727834164
3291,0,-0.7173004191892228
3292,0,-0.2817697383721739
3293,0,-0.19226500857175768
3294,1,0.12701327115717012
3295,1,-0.8324583518638927
3296,0,0.3478136628718264
3297,1,1.118974694057153
3298,0,-0.34126020875905066
3299,1,0.9555588148023132
3300,1,0.24109172386168265
3301,0,1.2495415200151077
3302,0,0.5818912732107864
3303,1,0.6679328464505995
3304,0,0.5888361825963321
3305,1,-0.574425774011825
3306,1,-0.28765740260291983
3307,1,1.298648586260868
3308,1,1.473096821458349
3309,0,-0.2596244389488649
3310,1,-0.5945921622420763
3311,1,-0.4154856961373184
3312,1,1.493602953537927
3313,0,-0.5753102019114187
3314,1,0.35853317083697395
3315,1,-0.11895313423157523
3316,0,0.6010092761996157
3317,0,-2.7937354068155984
3318,1,0.03740186808458005
3319,1,-0.1949910806014194
3320,1,-0.4748124416281255
3321,0,-0.7313055480236704
3322,1,-0.1537106343985732
3323,0,0.7825710641955668
3324,1,0.503912449518026
3325,0,-0.8298234240182037
3326,0,-2.6676009980506006
3327,1,-0.5514635855109282
3328,0,-0.3364497923956884
3329,1,1.9229141096865727
3330,1,0.8108762263308812
3331,1,-0.3168865127305626
3332,0,0.48843212921684276
3333,0,-1.1940293653287122
3334,0,-1.325224448998787
3335,0,-0.6030183435517319
3336,0,-1.1836222257523912
3337,0,-0.2814582420540877
3338,0,0.5798724127580885
3339,1,0.03871955368692482
3340,0,0.7325239711836176
3341,0,-1.5813004327600513
3342,1,-0.7494121090652572
3343,1,-0.16490641077193052
3344,0,-0.38378170918497634
3345,1,-0.7664867236480686
3346,0,-0.23497732037848282
3347,1,-0.03576467031494194
3348,1,0.6598226648001578
3349,1,0.7714311713834754
3350,0,1.1827752915150314
3351,1,-0.7160712647387457
3352,0,1.994308208851023
3353,1,1.0114474682071586
3354,0,-0.7070859340445923
3355,0,1.6236765787342882
3356,0,-1.9184220310729094
3357,0,-0.3647098191887335
3358,1,-1.6213872746482079
3359,0,1.0708568755635166
3360,0,0.7230643640253912
3361,1,1.196928267636993
3362,1,0.2224098629607025
3363,0,-1.155063315452469
3364,1,-0.11510320679587979
3365,0,0.06831542095389695
3366,1,-0.4225259367792998
3367,1,0.8341226442646182
3368,1,-0.5628296639552407
3369,1,2.778351440019236
3370,1,0.34584926917070324
3371,1,-2.2242906237178404
3372,0,-1.5825952582050318
3373,0,-0.12275972684752658
3374,0,-0.3083886856875522
3375,1,-0.406151993140125
3376,1,-0.5335461218194568
3377,0,1.133285810725317
3378,1,0.6648715246408581
3379,1,-0.048095921826393294
3380,0,-1.1262310082695004
3381,1,0.3330608528937298
3382,0,-0.8347476825069313
3383,0,1.023140218543778
3384,1,-0.5633562718080037
3385,0,-1.0563301038136865
3386,0,1.2333443713871188
3387,0,-0.5136925507965944
3388,0,0.2126710972852199
3389,0,0.07054568234071125
3390,0,-1.039148087822196
3391,1,-0.06503821745197186
3392,1,0.21398536895844153
3393,1,-0.2579932867130038
3394,0,0.8000357696174591
3395,1,1.7684968042704379
3396,0,0.5354247252353513
3397,1,-0.400782107831335
3398,1,-1.8942249189255027
3399,1,1.0959427688053964
3400,0,0.6970425539784819
3401,1,-1.2013825095522288
3402,0,1.069946346187177
3403,0,-1.22479862667596
3404,1,-1.4551967257843132
3405,0,-1.5544283372410805
3406,0,0.742828525477198
3407,1,1.0632728622122272
3408,1,0.31197225578592386
3409,1,-1.3573320255335604
3410,0,-0.6874722605618873
3411,1,-0.6768261363517458
3412,0,-0.6142810479479696
3413,0,1.0912575708812584
3414,1,-1.0813814090374898
3415,0,0.7273350186824192
3416,1,-0.3644170154130904
3417,1,-0.15492016859443922
3418,1,-0.29651286279196676
3419,0,1.4584227753376346
3420,1,2.0529763350500545
3421,0,0.8459683603038406
3422,1,-0.652942413761806
3423,0,0.9422942984760405
3424,1,-0.806899293880467
3425,1,-0.8651448631086597
3426,1,2.0325990962850558
3427,1,-1.0733756292894747
3428,1,-0.6780261056219006
3429,0,-0.7221579625066722
3430,0,1.4252598795001374
3431,0,-0.42607742417057615
3432,0,0.041479309013580115
3433,1,-0.3983920358021095
3434,0,-1.2666869326497086
3435,1,-0.6997930144148333
3436,1,-0.5554490669287988
3437,1,1.490358612646326
3438,0,-0.9762424232342323
3439,1,0.8704297179296284
3440,1,0.41403732038593954
3441,1,-0.22257638991262732
3442,0,0.9432518503957453
3443,1,-0.4152762657125763
3444,1,-0.3490417083000081
3445,1,-0.08245165415633585
3446,0,0.4921147328572976
3447,1,-0.7270479528120274
3448,0,0.1466000865354689
3449,1,0.8104444279722582
3450,0,1.7296838673048338
3451,1,-1.256171984106457
3452,0,-1.5725508097730176
3453,1,-0.7210373279879727
3454,1,1.939606238829352
3455,0,1.068168921004901
3456,0,-0.8716052789504269
3457,1,-0.7675928131245947
3458,0,1.484378899304445
3459,0,-0.40166898804812146
3460,0,0.531485895854984
3461,1,0.15696560000045123
3462,1,-1.0241759229504066
3463,1,-0.8834000867390369
3464,1,0.013289477148598029
3465,1,-0.5884676889988731
3466,1,-1.5689171317710306
3467,0,0.49831712044098936
3468,0,0.5101635411449517
3469,0,0.4939015295189657
3470,0,0.16094579143369744
3471,0,0.1821655051081058
3472,1,0.6723190943667782
3473,1,-0.7160365636123945
3474,1,-0.7521121572291178
3475,0,-2.228112124472073
3476,0,1.160966619529135
3477,0,0.9320340822559229
3478,1,-1.8063946379467446
3479,1,0.2946986532785634
3480,0,-0.3464295596240893
3481,1,0.8311629035881672
3482,0,-0.6650504826134116
3483,0,0.11593588677288023
3484,1,0.028439128794187894
3485,0,1.1751091400201041
3486,1,-1.5747835564311292
3487,1,1.3586751567360973
3488,0,0.7623955541648475
3489,1,-1.0194192434047535
3490,0,-0.7916133527191181
3491,0,-0.12647027569537903
3492,0,-0.5124646284464313
3493,1,0.9422526071722692
3494,0,1.4216569747519776
3495,0,-0.7666649866220255
3496,0,0.76362414228951
3497,0,-0.5844006231824693
3498,0,-0.28272891008482876
3499,1,-1.3741968961882713
3500,0,1.1463196390819697
3501,1,-0.5672594505389082
3502,0,-0.16894965253194585
3503,1,-0.8771353318364871
3504,0,-0.6309131500982602
3505,0,-0.48208150926928656
3506,1,-0.34539900468729934
3507,1,-1.6658577116991442
3508,1,-0.09449061756944664
3509,1,0.9412913829555215
3510,1,-0.06591960718426956
3511,1,1.6201700438200903
3512,1,-1.1717664022331316
3513,0,0.3400495541661772
3514,1,1.104436786896622
3515,1,0.5933207540751148
3516,0,1.130529771680919
3517,1,-0.7080237296562087
3518,0,1.2021152147032013
3519,0,0.007005775055193879
3520,1,1.3875662863208338
3521,0,0.19026251349749956
3522,0,-1.1534958858291458
3523,0,-0.5720469918108285
3524,0,1.5423544315640991
3525,0,-0.23920274978186676
3526,1,-1.694357485014143
3527,0,1.0480955524699511
3528,0,-0.35917875298348645
3529,1,0.40770552607680594
3530,1,0.13888179814060586
3531,0,-0.7484106711456578
3532,0,-0.8828903759037655
3533,0,0.6321084723096646
3534,1,1.1681533192641498
3535,0,0.6247740855297982
3536,1,-0.5360412884704832
3537,0,-1.2419034697904152
3538,1,1.6145947714617137
3539,0,0.6512534661270959
3540,1,-0.012410915026621356
3541,1,1.7327349146747064
3542,0,1.0640765064242323
3543,1,-1.3662002783127876
3544,1,-0.2773066494347294
3545,1,0.7534360920416132
3546,0,-1.682326134212709
3547,0,1.1156665192594126
3548,1,-0.07682957238368321
3549,1,-0.47968458317122875
3550,1,-1.3092510860534798
3551,1,2.12739379454941
3552,1,-2.3171166238024696
3553,1,-2.517604737374251
3554,0,0.37068604889798273
3555,0,0.27652255320122293
3556,0,-0.7397333943860933
3557,0,1.1294933444398254
3558,0,0.5192783810791145
3559,1,-1.004367714105994
3560,0,-0.5018945980511799
3561,0,0.29194333697274216
3562,0,-0.5661084637437348
3563,0,-0.27480805383539825
3564,1,1.1449823844870548
3565,0,0.055830382546916704
3566,0,-1.5480399081306877
3567,0,0.040038315562344516
3568,0,0.916897776311446
3569,1,-0.13126740199897963
3570,0,0.6922566517062505
3571,0,0.47740088187767304
3572,1,-2.170503463517813
3573,1,1.25737459062695
3574,0,-1.0004034077771162
3575,1,0.04174324417666507
3576,0,0.9092512042095935
3577,0,0.990101850377894
3578,0,-0.7711332868756204
3579,1,0.44397639158336355
3580,0,-1.497092025060157
3581,0,-0.5355012862098073
3582,0,-1.2495030867533452
3583,1,0.15674905617974624
3584,0,0.9943563771319495
3585,1,-1.0544392705703616
3586,0,-1.252881808747066
3587,1,1.2713512347744622
3588,0,-2.0373220793059343
3589,0,-0.16153281107267084
3590,1,1.3150247508979263
3591,0,2.30445590992413
3592,0,0.7821543833387631
3593,0,0.24700248816544715
3594,1,-1.0326213745591852
3595,0,-0.608813541923746
3596,0,-0.11130404073073481
3597,0,1.0422158220896105
3598,0,1.505791687224059
3599,0,1.2834042352985537
3600,1,-0.06440482873025719
3601,0,-1.5623814045251938
3602,0,-0.7738184372215402
3603,0,1.1810935800499682
3604,0,0.47109479387908665
3605,0,1.003524310572316
3606,0,-0.9750304974691235
3607,0,-0.8876501589864744
3608,0,2.3950831192541404
3609,1,0.8867871895095383
3610,0,1.189957138903698
3611,0,-0.213234567741541
3612,0,0.620534794518448
3613,0,0.7537705856814957
3614,1,-0.708508191685152
3615,0,-0.5630499545921881
3616,0,-0.09461152171958047
3617,0,-0.38090416139703276
3618,0,0.06318530142255123
3619,0,0.3091999008193641
3620,1,1.238951016844706
3621,1,-0.7110369435872275
3622,1,0.05759321908393735
3623,0,-0.25296629835184486
3624,1,-0.9076346010706887
3625,0,0.9506843927368938
3626,1,-1.0144641640896723
3627,1,-0.07297036795150413
3628,1,0.3201795953204071
3629,0,-0.8152630484129001
3630,1,1.0838546323330673
3631,1,0.42144391640619555
3632,1,-0.1423907640129556
3633,1,-0.2898475713835338
3634,1,0.4601395043506657
3635,1,0.9109140883836427
3636,0,1.02050343201654
3637,1,1.8715054498307462
3638,1,-2.240308695205374
3639,0,-1.2671651828312662
3640,1,0.6825444186735417
3641,1,0.8096692522805904
3642,1,-1.1947123771832904
3643,0,-0.4668864760441082
3644,0,-0.39410315000278506
3645,0,-2.500051551301317
3646,1,-0.23734609069476403
3647,0,-1.9044537711811589
3648,0,-0.4456436879737242
3649,1,0.004340839666637102
3650,0,-0.5135876503124412
3651,1,-0.08454182440906206
3652,1,0.08433519909691477
3653,1,-2.0714730858006063
3654,0,-3.0053165832080744
3655,1,-0.41079780531812765
3656,0,0.22835313387443001
3657,0,0.050119620223204
3658,1,0.3265243994714804
3659,0,-0.381915028699791
3660,1,0.7731674057266118
3661,0,-0.09240645090826086
3662,0,-1.6181990018565473
3663,0,-1.5311686067498824
3664,0,-1.4829667850846544
3665,1,-0.415108448652343
3666,1,-0.1515776128596016
3667,0,-0.17130742198185453
3668,1,1.0973777558559719
3669,0,0.21713946678954427
3670,1,0.07390385586689144
3671,0,-1.4619222379523837
3672,0,0.7846866201614189
3673,1,0.536725030640039
3674,0,-1.2276256144201418
3675,0,1.2570124935256415
3676,1,0.938386842592679
3677,1,-1.3408895339128244
3678,0,-0.242772222028306
3679,1,1.0676370663479406
3680,0,-0.845050403652171
3681,1,0.11474676166054332
3682,0,-0.5743036679189646
3683,1,-1.1491272459857915
3684,0,-0.0934023562731628
3685,0,1.799368945460713
3686,1,-0.40600061833885603
3687,1,-0.07232141593429998
3688,0,-1.3744876815077818
3689,1,-1.57303672544288
3690,1,0.42334280295736576
3691,0,1.5702668407060874
3692,1,1.3417186111208868
3693,1,-0.1366267033349485
3694,0,-0.23198270809798938
3695,0,-1.820496467789893
3696,1,1.548885508174355
3697,0,0.2689387805720288
3698,1,0.86397607396232
3699,1,0.6441038372830574
3700,0,-1.2257165351720354
3701,1,0.3855916853404479
3702,0,-0.47986258356004136
3703,1,-1.5711792766848431
3704,0,-0.3437890985639035
3705,0,-0.08239442351591339
3706,1,-1.537935303585858
3707,1,-0.5221297719564866
3708,0,-1.7550883113495561
3709,1,1.501262469246336
3710,1,0.697731479433112
3711,1,0.9480675318173978
3712,0,0.7488902113464935
3713,1,-0.1516267245138438
3714,1,-0.7478231681449605
3715,1,-0.8887262918027204
3716,0,-1.0961897091626098
3717,1,1.3718635084322246
3718,1,-0.8767978538839657
3719,1,-2.3563199092168774
3720,0,-0.6910047923285761
3721,0,1.274526909428354
3722,1,1.4502131613140548
3723,1,0.6379158746108304
3724,0,-0.8160367984748637
3725,1,-1.5950653638340473
3726,1,0.550753375358361
3727,0,1.1943280482109628
3728,0,-0.05501092431290912
3729,0,0.7636338054916981
3730,0,0.6328201356176313
3731,0,-1.1282174284627549
3732,0,-0.32730308915167583
3733,1,0.9290412734457135
3734,1,-0.6602207017137128
3735,1,-0.22943182148128144
3736,1,1.648074777762287
3737,1,0.7603182252559305
3738,0,0.016207404586582232
3739,0,-0.6141350019694943
3740,0,1.030075440813901
3741,0,-0.16616112602532104
3742,1,0.42252261718947354
3743,1,-1.2043194777193464
3744,1,-1.1981271672731868
3745,1,0.29538057073788687
3746,1,0.9457670136691495
3747,1,1.1127559525653545
3748,1,-1.2358753694943287
3749,1,-0.6118426368801774
3750,0,-0.10648306388028618
3751,0,-0.5779805221264753
3752,1,1.6873389229576956
3753,0,2.1813450350303945
3754,0,-1.759975958338965
3755,1,0.018263671859989998
3756,1,-0.21234329300098922
3757,1,-1.0323379846115233
3758,1,-0.22720232077770258
3759,1,-2.4324281977995414
3760,1,0.7441532099530004
3761,1,1.9281164365280465
3762,1,0.20426056195799083
3763,1,-0.020200525026504504
3764,1,-0.3463432191040261
3765,1,-0.9492654307956085
3766,1,-0.9848646496351213
3767,0,-0.3598857403354824
3768,1,-0.29409866815539315
3769,1,-0.45988408122992336
3770,1,-1.056818695146296
3771,1,-0.15203890283997662
3772,0,1.4652084646335222
3773,1,0.596875871628721
3774,1,1.454964271802406
3775,1,0.39091682224911567
3776,1,-0.3028442658185564
3777,1,0.48701252422830166
3778,1,-0.09885656499754536
3779,1,0.2998037720876836
3780,1,-1.0334138676514075
3781,0,-1.397173477993774
3782,0,0.19539280041311094
3783,1,1.2702078252999471
3784,1,-2.0400580310722476
3785,0,0.3077137613437133
3786,0,0.417233803687901
3787,1,2.187694810886517
3788,0,1.2191391488932404
3789,1,-0.6898891818214627
3790,0,-0.6367255412039396
3791,1,1.8854956051912286
3792,1,0.6626242066704924
3793,0,1.36110575331863
3794,1,-0.7386864971349504
3795,1,0.6753377390362498
3796,1,0.2952760897665485
3797,0,-0.09695235653702476
3798,0,-0.2489562671659563
3799,1,-0.09289697602731588
3800,0,0.9460577260508293
3801,1,-1.1152554036589852
3802,0,-0.15061063375768793
3803,1,-1.4437351614795007
3804,0,2.139696705646201
3805,1,-1.949346499017774
3806,0,1.3839060990216718
3807,0,1.339859176799409
3808,0,-0.0021484916332766397
3809,0,0.31486600396613307
3810,0,0.1589594655162397
3811,0,0.4742570084649911
3812,0,-0.00814510394039799
3813,0,-0.12315794917871749
3814,1,-0.5812895724997876
3815,1,-0.23546036849300805
3816,1,0.24070342651700669
3817,0,1.3701343393412033
3818,0,0.48532195637900183
3819,0,-0.43037434347256226
3820,1,0.4762085571900511
3821,0,-1.3884399114538097
3822,1,0.5633343626930455
3823,1,-0.6147117017508846
3824,0,0.15506178531136697
3825,0,-0.3983642708015327
3826,0,1.8285169756002777
3827,1,0.8735432675379453
3828,0,-0.31381087237347
3829,0,0.5353546798031602
3830,1,-1.7350854380392327
3831,1,1.6845362073348686
3832,0,1.2996163315398308
3833,0,-0.498204049838864
3834,0,1.0344960118571729
3835,1,2.132580228322793
3836,1,0.8141796314372457
3837,0,-1.0189322645114098
3838,1,0.32368133102821633
3839,0,0.400903034515794
3840,0,-0.5366816650419813
3841,1,-2.4370299842258634
3842,1,-0.9316009935318419
3843,0,-1.0287213898115615
3844,1,-0.800539389692881
3845,1,-0.12589837217931182
3846,1,-0.005376634667478054
3847,1,0.2375976681146771
3848,1,-1.0115988680164687
3849,1,-0.8090768971422565
3850,1,0.023235125596471878
3851,0,0.5336715740497698
3852,0,1.563291171148169
3853,0,0.3216472731572607
3854,1,-0.03914781139513684
3855,1,0.7287551430051569
3856,0,0.16750371524852833
3857,1,-1.3706572874049725
3858,1,0.8639056160521986
3859,1,-0.7582457649254232
3860,0,0.30549373317518896
3861,0,0.2598934847602263
3862,1,-0.41154842287934196
3863,0,-1.5066745755493804
3864,1,-0.15218275091896785
3865,0,0.19606983849813223
3866,1,-2.081762334935811
3867,1,1.8021236212928249
3868,0,0.5674085548684785
3869,1,-0.5517924740369833
3870,0,-0.8564105371776131
3871,0,0.08184146157244654
3872,1,0.41071715213916654
3873,1,-0.10773193003206173
3874,1,-0.17668915537025923
3875,1,1.0302647950863002
3876,0,0.09016487660128447
3877,1,-0.0006060427555356694
3878,1,0.586641055115293
3879,0,-0.8943341649226252
3880,1,0.7347897511355754
3881,0,0.7129711795545958
3882,1,-0.39994827645936704
3883,1,-1.4494743708246023
3884,0,1.7319558210123869
3885,0,-1.5762202992437961
3886,0,-1.4884595099037579
3887,0,0.4481463129576013
3888,0,-0.7851178845747531
3889,1,0.2370706706887176
3890,0,0.38005366762715687
3891,0,0.04210873535025719
3892,0,1.0944810529477682
3893,1,0.18213210756176634
3894,0,0.12469850686668908
3895,0,-1.3587518416108837
3896,0,-0.9374187752004952
3897,0,-1.3560602214365112
3898,0,-0.9389159767421094
3899,1,-0.04905539878525102
3900,1,0.12979703374129295
3901,1,0.49648111210969464
3902,1,-0.528111621926655
3903,1,-0.4224312511940812
3904,0,0.256024204891169
3905,0,0.4174268581375211
3906,0,-0.4036964587817813
3907,0,1.2199049754059312
3908,1,0.7884401960990371
3909,1,0.9072071727393506
3910,0,-0.9960191446700676
3911,0,1.950875089278309
3912,0,1.0608869683769662
3913,1,-0.07603521451780636
3914,0,0.1589074362115184
3915,1,-0.014559437295013678
3916,0,-0.19592435794196147
3917,0,-0.37405871491251236
3918,0,-0.17890235720071965
3919,1,-0.5528941729570482
3920,1,0.03947193732015159
3921,1,0.4820264226751802
3922,1,-1.9404993093412835
3923,0,-0.43439751622612094
3924,0,1.6135947288019779
3925,1,0.9712842676848258
3926,0,-2.004570528820302
3927,0,-0.04328541812328283
3928,0,-1.3670070977848208
3929,1,0.49768759515148564
3930,1,0.058203212571250135
3931,0,-1.3180883547935778
3932,1,-1.41694268488758
3933,1,-1.997805886578659
3934,1,1.3064924942586464
3935,0,0.5979155558911297
3936,1,-0.4007956321518324
3937,0,2.4407042185235452
3938,0,-0.1410834049962548
3939,1,-0.5383251972535563
3940,1,-1.1470978181841578
3941,0,0.22055381904550914
3942,0,-0.8448400836101433
3943,0,-0.18901367450037768
3944,1,0.4149934162019254
3945,1,-0.4595419825933322
3946,1,-1.3438214326842315
3947,1,-0.7872770855060833
3948,1,1.879265877849683
3949,1,0.014665418256377679
3950,1,-1.9209834773191794
3951,0,-0.2980863994123239
3952,0,1.009327334903344
3953,0,-0.26717129295315584
3954,1,-1.2723736302641746
3955,1,-0.6101516830002175
3956,1,-1.959010283681059
3957,0,-0.0795489138088786
3958,1,2.3601847260606816
3959,1,0.9512692841763003
3960,0,0.16749740093706625
3961,0,-1.9164137472573108
3962,0,0.2938939790854522
3963,1,-0.9913252171114124
3964,1,1.0096787942141416
3965,0,0.2593283593872468
3966,0,-0.4823519812879376
3967,1,-0.6713997468586927
3968,0,-1.0534965505012062
3969,1,-0.5085124376385778
3970,0,0.5955443314716024
3971,0,0.5287317084498085
3972,0,1.2700662273129764
3973,0,0.8861818605783445
3974,1,1.2934683680418746
3975,1,0.3839877548917864
3976,0,2.084418540131566
3977,0,-1.13088637258641
3978,0,-0.3380714203494266
3979,0,-0.07004930354535725
3980,1,-1.0326213085957414
3981,1,1.4620144181434602
3982,1,-0.5398323295038647
3983,1,-0.6785614319332505
3984,1,0.5254043872589861
3985,1,0.2869981352357811
3986,0,0.21740571078220466
3987,1,0.6268168554376821
3988,0,-2.5631980851266776
3989,0,-0.05826061061009748
3990,0,0.47506987223949454
3991,0,0.4261401406577493
3992,0,0.1505461725876101
3993,1,1.3858041497642481
3994,0,-0.7833781385934271
3995,0,1.9920476465844728
3996,0,-1.479082812989726
3997,1,0.14520792021881013
3998,1,1.078396579384596
3999,1,-1.1011271138428054
4000,1,0.7652968823807093
4001,1,-2.1883502749031947
4002,1,-2.1267313183436527
4003,0,-1.804479867346876
4004,0,-1.4650576892664173
4005,0,0.08960267172899794
4006,0,0.4102586108072766
4007,1,0.23388824631212243
4008,0,-1.582378142050706
4009,1,-0.6691210218976276
4010,0,0.22228284523213934
4011,1,-1.3945351035609315
4012,0,-2.2526842065187114
4013,0,-1.019194973652761
4014,1,-0.25062748451152217
4015,0,-1.4071131352530613
4016,1,-0.2326124384811288
4017,0,-1.4649938766787334
4018,1,1.1684742954372662
4019,0,0.2519546322802065
4020,0,-0.03433922312904004
4021,0,0.9129158164167559
4022,0,-1.3644218658451737
4023,1,0.4104561786755161
4024,0,-1.6524711123491187
4025,0,0.7861822032788288
4026,1,1.1840280306676845
4027,0,-1.503889186222312
4028,0,-0.44826967381180405
4029,0,0.9780241225038498
4030,0,-0.4837279002925154
4031,1,0.496701063335669
4032,0,-0.8037745396647293
4033,0,0.7064813097919767
4034,0,-0.8023463921381288
4035,1,0.97788173545629
4036,0,0.4273558621536379
4037,0,-0.8242751425441456
4038,1,0.2467769619768229
4039,1,1.6806483413881523
4040,0,-0.38006391071296375
4041,1,0.5716960421632703
4042,1,0.002201533595999339
4043,0,0.2505747547764197
4044,0,0.9399738544400517
4045,0,-0.6195887723167082
4046,1,-1.5396252654737277
4047,0,-2.129826475124006
4048,0,0.4122930160019937
4049,0,-0.7784416562189034
4050,0,0.21393011901078743
4051,0,-0.5064201930710899
4052,1,-0.7002138788952597
4053,0,-0.1097953138513297
4054,0,2.9577304102784847
4055,0,-1.7256481564886048
4056,1,0.5618757584816567
4057,1,-0.29428121460866213
4058,1,-0.8260961802816182
4059,1,1.0121179614929638
4060,0,-0.5988781901040874
4061,1,-0.41052976638527033
4062,0,0.5220137775388326
4063,0,-0.8594916286960457
4064,1,-0.6207720628463642
4065,1,1.0866750200291997
4066,0,-0.0067831891875349435
4067,0,-0.10430356100354518
4068,0,0.6740282572395508
4069,1,0.5379322858456749
4070,1,1.3615581563594839
4071,1,1.2713320826380095
4072,1,-1.639628069737627
4073,1,0.7365560409771372
4074,1,-1.065825075257616
4075,0,0.4601015432151982
4076,0,0.30170688736105783
4077,0,-1.3563677781781418
4078,1,-0.45454584360594663
4079,1,0.8069628686525897
4080,1,0.8594915197712284
4081,1,0.9211997899572527
4082,0,0.06870098204064534
4083,0,0.20000025342157063
4084,1,0.9072207453840005
4085,0,-0.9375796915096342
4086,0,-0.15772649544386466
4087,1,0.4892585017227366
4088,1,-0.774922471494267
4089,0,-1.3718795898205964
4090,1,-0.30016485203469356
4091,1,-0.22538006068981967
4092,0,2.300006959538632
4093,1,0.7380666375993739
4094,0,-0.8335961270072867
4095,0,1.0510990115522656
4096,0,-0.4701896394010518
4097,1,0.7841612891683813
4098,1,1.1485382020673849
4099,1,0.06722136582333056
4100,1,-0.1879899248155592
4101,0,0.16136877994701843
4102,1,2.272002950970659
4103,1,0.5470978221309627
4104,1,-0.8143289413629681
4105,0,0.8424896655823437
4106,0,-0.4839910018879904
4107,0,1.2113379028507474
4108,1,-1.4323940564018238
4109,0,-0.4540761958992261
4110,0,2.0852812018876814
4111,1,-0.22307441466737649
4112,1,0.7474183985033895
4113,0,-0.4677753305010946
4114,0,1.1233180364953659
4115,1,-1.2956027906527645
4116,1,0.24806116574066314
4117,0,-0.6122911418870738
4118,0,-0.1473227725376103
4119,0,0.6145131658033298
4120,0,-0.0431175761201316
4121,1,0.22921051730398548
4122,0,-0.4178352956700988
4123,1,2.282291033394304
4124,1,0.27285974560161114
4125,0,-1.7151741915007372
4126,1,0.15803245133320543
4127,1,-1.2690993464979856
4128,0,0.2890785562893549
4129,0,-1.845847817791777
4130,1,-1.3683031293988843
4131,1,-0.14061282664883332
4132,0,1.526230756740075
4133,1,0.7178497226907541
4134,0,0.9744194213364459
4135,1,0.4655946980754301
4136,0,-0.8622757297900723
4137,1,2.3857711165221773
4138,1,-0.7657797047065179
4139,1,-0.21218236758742987
4140,1,-0.5185520527437877
4141,0,-0.9661963865958884
4142,0,-0.9849500536057623
4143,1,-1.6986807256061882
4144,0,0.12372263086835017
4145,1,-0.491642881964478
4146,0,1.7275726491654568
4147,0,-0.9459124490147537
4148,1,0.4693492588023253
4149,1,-0.10568386399129913
4150,1,-1.9274519998129245
4151,0,1.4464073572005007
4152,1,0.6173445954444002
4153,0,-0.3300965200212068
4154,1,-1.2175820954466074
4155,0,0.2968533354847775
4156,1,2.35888738248848
4157,1,1.3978701630557395
4158,0,1.0907602382082893
4159,1,1.621019793630529
4160,1,-1.4908586349629747
4161,0,0.24436133441826144
4162,1,0.05198908755400937
4163,0,0.9289116910880324
4164,1,2.2320631240913373
4165,0,0.15860679926378213
4166,0,-0.8144242677151723
4167,0,0.42628312858748096
4168,1,1.4160265143146291
4169,1,1.1417214447290385
4170,1,-0.9278274047267275
4171,0,-0.417734396741418
4172,1,-0.6442058941818457
4173,1,0.04023830040023685
4174,0,-0.06456902903491239
4175,0,0.2668590005380259
4176,0,-0.1279861354978124
4177,0,1.1745375958061013
4178,0,-0.47315256703635383
4179,1,-0.50468219249814
4180,0,0.8105299206014362
4181,1,-0.6755815917277734
4182,0,0.758469359653501
4183,0,0.023614949975776216
4184,1,0.17470172629231726
4185,0,-0.6076314434715916
4186,1,-1.2312871827130891
4187,1,-1.7586375629777062
4188,1,-0.975207013756219
4189,1,-1.549203781561856
4190,1,-0.30738000487592454
4191,1,0.026168514749902783
4192,1,-0.4047129319641129
4193,0,-1.0818860077953762
4194,0,0.17370146198055128
4195,0,-1.8220667799891155
4196,0,0.3088893587294648
4197,1,-1.5956158582445217
4198,0,-1.8572378163413217
4199,1,-0.8664071134612555
4200,1,-0.9820691872299432
4201,0,-0.4752929870525825
4202,1,0.9471150826379744
4203,1,-0.3334922237470906
4204,0,0.9126130936752647
4205,1,0.46553813650074627
4206,0,0.6841912747587904
4207,1,-0.6658148346034353
4208,0,1.8943388093323172
4209,0,0.4581436833613979
4210,0,0.07077431289107854
4211,0,-1.6663808109305192
4212,0,-0.07561861318113078
4213,0,-1.2720442996051404
4214,0,-1.5156241870641194
4215,1,-0.3044050704319272
4216,0,0.12183065127964063
4217,1,-0.5957092418595408
4218,1,-0.8792473457232141
4219,1,0.4067537159401615
4220,0,0.7362707711726214
4221,1,1.1784135498650912
4222,0,0.6528212186555893
4223,0,1.4882353458653776
4224,1,0.6012920166368301
4225,1,1.0055080698331598
4226,0,1.5342869584435805
4227,1,0.1790448978321002
4228,1,0.46271563792830867
4229,1,0.1861559947393451
4230,1,0.28789068068305346
4231,0,0.029275510971055744
4232,1,0.5037867064369876
4233,1,1.0118573421344816
4234,0,0.5033549935960766
4235,0,0.4206015957288708
4236,1,-2.0255781461383258
4237,0,-0.615014642667627
4238,0,1.3238589268436631
4239,0,-1.1466753545619337
4240,1,-0.611809132302016
4241,1,-0.9680776411731326
4242,0,0.22164377104184269
4243,0,-1.5441881708190894
4244,0,0.46268511691253933
4245,1,0.6026830781521362
4246,0,0.1500410592220241
4247,0,-1.2774834139145632
4248,0,-0.6713736006515646
4249,1,0.1034399391000773
4250,1,1.5609509297195199
4251,0,0.12384833484916592
4252,1,1.1634396361344677
4253,0,-0.3220626623755978
4254,0,-1.0066821112619015
4255,0,-1.0274267080015842
4256,1,0.2764614900099581
4257,0,-0.11869179123233116
4258,0,0.7744690243995151
4259,1,0.10902861656172588
4260,1,1.9496797808617852
4261,0,0.20412087989331756
4262,1,0.5200223176529557
4263,1,-0.22711596303747714
4264,0,0.5526390767476195
4265,0,-0.9408686379160589
4266,1,-1.0677623591993233
4267,1,-0.043835434550942486
4268,1,0.060399822537847425
4269,1,0.36144440794454397
4270,1,0.027610606772921896
4271,0,0.7713455820550613
4272,0,0.481609389170997
4273,0,-0.8877360210741865
4274,0,0.6105853754427123
4275,1,1.5089814247576407
4276,1,-1.0614364571140755
4277,0,0.38738416896675915
4278,1,-0.9934306627894184
4279,1,-0.12813938681387357
4280,0,0.6712706601546311
4281,0,1.212173753350365
4282,1,-0.8477582281454267
4283,1,-1.5002003806276243
4284,1,1.0487317460038508
4285,0,-0.08056060860033852
4286,0,0.9426578706406646
4287,0,0.6992637220695311
4288,1,1.459033941131975
4289,1,1.3519794916080665
4290,0,-1.2969976230494837
4291,0,-0.19179705383977264
4292,0,2.238285872650033
4293,0,0.4905743382786147
4294,0,0.40679700843804806
4295,1,0.3929624687189297
4296,0,-0.8555201431457223
4297,1,0.9555865823559416
4298,1,-0.19566432606218298
4299,1,0.07379090923945841
4300,1,1.2652760244598362
4301,0,0.8655748142612996
4302,1,0.8144687245089027
4303,0,-1.0494030293600174
4304,0,-0.5430465608969461
4305,1,0.50205255665158
4306,1,-0.9650579814819538
4307,0,-0.7290593418315574
4308,0,0.9266430304149771
4309,1,-0.21050335659285346
4310,1,-0.14316540119226515
4311,0,-0.4806161088555702
4312,0,-1.19820965054807
4313,0,-0.5158813355833587
4314,1,-0.5873392848711609
4315,0,0.40264142718600154
4316,0,1.0590663583414808
4317,0,1.28862810816867
4318,0,-1.113797555376523
4319,1,0.29261828867457224
4320,1,-0.06564123270879978
4321,0,1.8046334067581886
4322,1,0.12266108165877083
4323,0,-1.7347170881520417
4324,0,-1.4469399999078851
4325,0,-0.031622408066155835
4326,0,-0.10483757752890036
4327,1,0.5464146928717472
4328,0,-0.4203031443757219
4329,0,-1.2356128407554994
4330,1,-0.45708592862351827
4331,1,0.257998273027395
4332,0,0.24434216359363595
4333,1,1.035452676966362
4334,1,-0.9788874355920172
4335,0,-0.7946641773662501
4336,0,-0.36636870370550606
4337,1,-1.257023131476513
4338,1,0.08679288676425118
4339,0,-1.467109706435587
4340,0,-0.5020267629913395
4341,1,0.011026135318701717
4342,1,0.8032666453794906
4343,1,-0.84769329810212
4344,0,1.4353289907187625
4345,1,-1.0334223946397856
4346,1,1.1545756774774754
4347,0,-0.5764202813534054
4348,0,-0.5595332218671816
4349,0,0.6033612157392585
4350,1,-1.0735276701782817
4351,0,0.045844704129768724
4352,0,1.2191879994947865
4353,1,-1.3158743330350986
4354,0,-0.4350295191035744
4355,0,-1.300901233802565
4356,0,0.6892146550211352
4357,0,0.9153674742872357
4358,0,2.4059237233451602
4359,1,-0.968099524985513
4360,0,-0.5258427755715582
4361,0,-0.2749886086333503
4362,1,-0.09537794413561657
4363,1,0.3234850188666184
4364,0,0.67922468967277
4365,1,-0.7870664776762736
4366,0,1.2673925418236764
4367,1,-0.8017116020850568
4368,0,-0.7794292716722524
4369,0,-1.172662494979086
4370,0,-0.433970483135252
4371,1,0.9109119174288574
4372,1,0.30281901993051513
4373,1,0.0035237233662250033
4374,0,-0.6401152167586563
4375,0,0.611231791899728
4376,0,-0.15656508783107212
4377,1,-0.03459682861937828
4378,0,0.6143584355097322
4379,0,0.555615046370638
4380,1,-0.22106033383517792
4381,0,0.4353298925297808
4382,0,-0.0031826945708036598
4383,1,0.6582747073420345
4384,0,-0.8856508133704529
4385,0,-0.18053727569903671
4386,0,0.47057490948228753
4387,0,0.1854425848953917
4388,1,0.7151132688184441
4389,0,-0.07481510374586699
4390,1,0.3607895257368885
4391,0,0.7102051344662798
4392,1,-0.9438920244079607
4393,1,0.45171071711779115
4394,0,-0.6583695084007305
4395,0,0.21912900217423242
4396,1,-0.4749692882651152
4397,0,0.8431816301614472
4398,0,-0.5389287216219637
4399,1,-0.739031360001955
4400,1,0.21945616043027186
4401,1,-1.366231235130417
4402,1,1.6982091207321484
4403,0,-0.722589178915023
4404,1,1.1452255059086338
4405,1,-0.15501157014779673
4406,1,-0.9255192127634702
4407,0,-0.48967760012502626
4408,1,-0.4887411024538447
4409,1,0.6829465060668394
4410,0,1.6356351383133054
4411,1,-0.018459957288059395
4412,0,-0.6168681881679626
4413,1,1.2291037730446408
4414,1,0.13327906531118028
4415,0,-1.0580771370291788
4416,0,0.07828789637476384
4417,1,-2.12932483834041
4418,0,0.25252705646727625
4419,0,-0.025197107577773922
4420,0,0.3461713898500308
4421,0,-2.719456370323491
4422,1,0.48485782934781185
4423,1,-1.0768457933251272
4424,1,-0.3465609345476129
4425,0,0.5822423202694166
4426,1,-0.22828286341796303
4427,0,-0.6222224581916497
4428,0,0.25380844516563655
4429,1,0.16589338827476252
4430,1,0.8104013599333353
4431,1,0.6426434140947171
4432,0,-1.0295302261582002
4433,0,0.011294281404313896
4434,0,-0.8552859935066635
4435,0,-0.6444260856930163
4436,1,-0.3174178988404622
4437,0,1.2534759374267683
4438,0,-0.1401451155743781
4439,0,-0.5966594574821467
4440,1,-1.9503869888402663
4441,0,-0.5012680082433623
4442,1,0.9246193003599018
4443,1,0.4878016713363609
4444,1,0.07013847244607886
4445,0,0.8708970737188831
4446,1,-1.7525933996430159
4447,0,1.3109615709563247
4448,1,0.271975427344153
4449,1,0.46093351392234694
4450,1,0.4456827752619674
4451,0,-1.2234865019848071
4452,0,-0.45728622273729763
4453,0,-1.7355771992395934
4454,0,-0.1240323400351754
4455,1,-1.40839331185211
4456,1,0.8461871278496452
4457,0,0.9584942289572045
4458,0,1.6753392482340428
4459,1,-0.16710520139512652
4460,0,-0.4034801542642022
4461,1,-1.0155326087359053
4462,1,-1.5867059925892393
4463,1,0.7827748089301573
4464,1,0.19455702432996733
4465,1,-0.47395834798318937
4466,1,-0.20190507924629691
4467,0,-2.261977969613273
4468,1,-1.331868870243169
4469,1,-0.33135389473884364
4470,0,-0.8920502167687966
4471,0,-0.5179955975272014
4472,0,-0.3855128831734673
4473,1,-0.7006920406913392
4474,1,0.7046508216541836
4475,1,-0.1585671754813294
4476,1,-1.61909113666812
4477,0,1.2118379099995404
4478,1,-0.5190081335909983
4479,1,-0.598023509032782
4480,1,-1.8253235392378826
4481,1,1.2934730045457137
4482,1,-1.0538040694869892
4483,1,-0.9787345183594465
4484,0,0.08136229924947638
4485,1,-1.8816334472375198
4486,1,-0.8176612199852856
4487,1,-1.1562067769661868
4488,1,-0.3018398410327354
4489,1,0.2588293514564102
4490,0,-0.20312793642010066
4491,0,1.576078783426955
4492,1,0.6739549886392621
4493,1,0.09311966650074642
4494,0,0.0431885958722518
4495,1,0.5909425430398809
4496,1,1.7082050053200484
4497,1,0.6508410574979814
4498,1,-0.8688718194258002
4499,1,-0.3050456099132815
4500,0,0.8141894346980939
4501,1,2.0421824544583034
4502,1,-0.30718720303645397
4503,1,-1.3629241604044218
4504,1,-0.23121273547244844
4505,1,0.8743295040305022
4506,0,0.04963260920899704
4507,1,-0.3427409827075378
4508,1,-0.5588321178746546
4509,0,0.6797189590706963
4510,0,0.9964190601184386
4511,1,0.4699452191294235
4512,1,-2.0494819887470554
4513,1,-1.287765496639414
4514,0,-0.4677783897300905
4515,0,0.01865814481904345
4516,0,0.6185757198328092
4517,1,-1.3526364601094887
4518,1,0.5407010085901195
4519,1,-0.6531827851614715
4520,1,0.14733521896172014
4521,0,-0.5228962400466364
4522,1,0.2487026410522738
4523,1,1.9656361703798735
4524,0,0.36315715948579325
4525,1,-1.804367423436165
4526,1,2.0128151269027197
4527,1,-0.8121175754571724
4528,0,0.09883011974547695
4529,1,0.02310614668225467
4530,0,-2.148361076375956
4531,1,-0.72131633659264
4532,0,-0.6257278204069904
4533,0,-0.41544773636103643
4534,0,1.9122209756826316
4535,1,0.2280336856488901
4536,0,1.3368409838066553
4537,1,0.5613834452262296
4538,0,0.7155763767352
4539,0,-1.7164089641959683
4540,0,-0.07967624134566983
4541,0,-0.9553827456710259
4542,1,-0.1626670461302868
4543,1,2.1345829121402247
4544,1,1.3035067481803646
4545,0,-0.19444636699852294
4546,0,-0.02011230666220503
4547,1,0.34957769108290115
4548,1,0.6450923010487626
4549,0,-0.3221311889328501
4550,1,1.2128741978280615
4551,0,0.7226814432280382
4552,0,-0.5935117974828455
4553,1,-0.509112927302647
4554,0,-1.3546620119354542
4555,1,0.7741669414064295
4556,0,1.9391966890939465
4557,1,0.22163538093789675
4558,0,2.0355738559051333
4559,1,0.05163564459295353
4560,1,1.6153485629261297
4561,1,-0.23425249987058477
4562,1,0.271599956263534
4563,0,-1.811142623504704
4564,0,-0.197200603178437
4565,1,0.08331497984287839
4566,0,0.14442620279233995
4567,0,-0.4514538452795756
4568,1,0.20896895135947646
4569,1,-1.1017626012007884
4570,0,1.0973945396538698
4571,0,0.8265154055350779
4572,0,-0.015271176809248607
4573,1,0.9666250962196429
4574,0,1.0391404786402194
4575,1,-0.4541654915829862
4576,0,0.11270095311008281
4577,1,-1.0742455480992816
4578,1,-0.03707832593387548
4579,0,-0.48473893073074126
4580,1,0.4790064966886219
4581,0,0.48179205108830847
4582,1,0.259595415960185
4583,1,2.2337845814022037
4584,1,-0.8690598418407892
4585,0,0.6335121383074943
4586,1,-0.15230986312097436
4587,0,-0.5828290862413561
4588,1,-2.3135857463716305
4589,0,0.62054956389646
4590,1,0.0689024025054347
4591,0,0.10263395180517089
4592,0,1.4037999090967017
4593,0,-1.278110764271406
4594,1,0.5105874199695078
4595,0,-0.025817686508547454
4596,1,-1.1435410757690592
4597,0,-0.30409063279763754
4598,1,0.5887512360051894
4599,1,-0.07587947975889707
4600,1,0.42075351216649914
4601,1,0.6462205578187648
4602,1,0.13686388568497498
4603,0,0.5702935278502769
4604,0,0.8166108822898834
4605,0,1.0421254059788243
4606,0,0.6081056997896795
4607,1,0.5288183900673994
4608,1,0.47915117312697747
4609,0,-1.2836253661028902
4610,1,0.8100083449448832
4611,0,0.364432132004722
4612,0,0.4775655515662351
4613,0,0.7809420421981753
4614,0,-0.932128004488337
4615,1,-2.197958136783678
4616,1,1.6277201926368061
4617,0,1.4553145170594957
4618,1,0.26213411630015493
4619,0,0.9517930812041736
4620,0,-1.0235812982958654
4621,1,1.7261966614836095
4622,1,-1.632586651853829
4623,0,-0.17329726195334344
4624,1,0.23305363031883336
4625,0,0.6430420810484446
4626,1,0.8885203504830878
4627,0,-1.2103075929020903
4628,0,0.16869446557215417
4629,0,0.3726283032517051
4630,1,-1.4900805302617188
4631,0,-0.4078027709372654
4632,0,-0.1624194787324449
4633,1,0.1590374636165669
4634,1,-0.2684796353369216
4635,1,-0.3330802162292106
4636,0,-0.0053940990313520246
4637,0,0.7717591050950336
4638,1,-0.6697500705835505
4639,1,-0.48837145477391564
4640,1,1.8433522836565537
4641,0,0.7334063477509352
4642,1,-1.862872887672707
4643,1,-0.13253004489542716
4644,1,-1.2331648468377672
4645,1,-0.7008416345215213
4646,1,-0.14055582345330436
4647,1,0.621846555298653
4648,1,0.29722017237322307
4649,0,-0.5609807183096174
4650,1,0.5518413751204236
4651,0,-2.4373111150475655
4652,1,1.0337363420063883
4653,0,0.13165720312626503
4654,1,-0.8326434124546396
4655,0,1.4123025911466105
4656,0,1.0947816170695317
4657,1,0.11299296864630864
4658,0,-0.29897217329916786
4659,0,0.4189161870584061
4660,0,-0.8871074582344802
4661,0,2.299871230717932
4662,0,1.20048562452646
4663,1,-0.39800331066300065
4664,0,-0.953777480583804
4665,1,-0.633220861953545
4666,1,-0.39986955604880153
4667,1,1.0435037112705412
4668,1,-2.1889377988651675
4669,0,-0.6481759937611178
4670,0,0.8261641097403554
4671,1,-0.8462064708830884
4672,1,-0.9700579961603284
4673,0,-1.1925298599932144
4674,0,-0.5859361008935898
4675,1,-1.2712962338796234
4676,1,-1.2863128188755757
4677,1,-0.18285093430216903
4678,1,0.4837383664564796
4679,0,-0.27695559054024077
4680,1,-1.745355672906346
4681,0,1.009335141914337
4682,1,-0.6577487854057189
4683,0,0.5461146677084867
4684,0,-0.4557524983635612
4685,0,0.704081790227738
4686,1,0.3250030726583029
4687,1,-0.6036313275015027
4688,1,1.6153946605144989
4689,1,1.9817748961617825
4690,0,3.485792195033676
4691,0,-1.541812180834874
4692,1,1.0580192127057226
4693,1,-0.43923591033370407
4694,0,-0.07589858309454023
4695,1,-2.140262326292136
4696,0,-2.027972459119868
4697,0,1.3103364134567146
4698,1,0.09208880923138947
4699,0,-0.2477499147575543
4700,0,-1.819283098856556
4701,0,-1.4203912138441088
4702,1,0.10791795668377162
4703,0,1.0791244178618271
4704,1,-0.1696788473545343
4705,0,1.4095117791309468
4706,1,0.17847977599624865
4707,1,-0.6733459693184
4708,1,0.4512396126435946
4709,0,1.5169774284328832
4710,0,2.843663326831519
4711,0,-0.5912690173054107
4712,1,-0.9060318614312453
4713,1,0.24256226770188002
4714,1,1.6873075299742288
4715,0,-1.4731525429854562
4716,0,1.2364685975445298
4717,1,-0.8662501665591106
4718,1,-2.2978059281534553
4719,0,-0.15072849680188738
4720,1,-0.6009786750713095
4721,1,0.5389335529639225
4722,0,0.8817623976046145
4723,1,0.5970364612412209
4724,0,1.2104683376220904
4725,1,2.1149841284207302
4726,0,0.279132203847557
4727,0,-0.13548628930215684
4728,1,0.5568999716796241
4729,1,-0.7572670142022322
4730,1,1.461842792913073
4731,1,0.1590629253180162
4732,1,1.5000034707649943
4733,1,1.1905045676547095
4734,0,0.30530868122096155
4735,0,-0.5771407948355735
4736,1,1.1122707534512146
4737,0,-0.47431936321939044
4738,0,-0.8216898188199061
4739,0,0.08799999821776727
4740,1,0.6509722837201487
4741,1,-0.5913520165714404
4742,1,-0.29272871656535987
4743,0,0.43723183115989817
4744,0,0.15172031059475644
4745,1,-0.21378253896392946
4746,0,0.13270065509684822
4747,0,-1.43205025276434
4748,0,-2.3380795238133625
4749,0,1.5940568195762144
4750,1,1.9318841791680887
4751,0,0.15426756581779408
4752,0,-1.6539966863555815
4753,0,-0.44376024139381964
4754,1,-0.00688198851411372
4755,1,2.5042757393546626
4756,0,-0.22766507102538316
4757,0,0.27505442286186305
4758,1,-1.312920030519171
4759,0,-0.14733173533732782
4760,1,1.12154626806719
4761,1,-1.3275855342403875
4762,1,-0.7465151795059538
4763,1,-0.16319662704066612
4764,1,-0.6742975918341042
4765,0,0.4081916064889373
4766,1,1.2611580343913253
4767,0,0.641196595893715
4768,0,-0.7438186317189992
4769,1,-0.23761718401765825
4770,0,1.2673890223601278
4771,1,-1.1196739361349801
4772,1,-0.595637300374269
4773,0,1.2708206309716046
4774,1,0.6104513608962002
4775,0,1.7881197964592783
4776,0,0.08593491139789947
4777,0,0.9633749173451376
4778,0,1.2535803062002202
4779,0,-0.3825214706960059
4780,1,0.23329147164176867
4781,1,0.39781351747313926
4782,1,0.3922641235847212
4783,1,0.21663164837304766
4784,0,1.6829886537482464
4785,1,1.3830549280384346
4786,0,-1.6023629212451056
4787,1,-2.001811745330218
4788,1,0.931111485638121
4789,1,-0.08151846118689808
4790,0,0.39371411563773295
4791,0,0.7820713532940567
4792,0,-0.7506469567831561
4793,0,-0.004420293106002056
4794,1,-0.4103525547769345
4795,1,0.9199938398938128
4796,0,-0.5674963059818902
4797,1,-0.6674024758813355
4798,1,0.6666935500149506
4799,1,-2.2313218978372373
4800,1,0.6840842894578569
4801,1,-0.7680927778720728
4802,0,-0.3805359287723497
4803,0,-1.0051881817827955
4804,0,-1.0187597922981821
4805,1,-0.09376551391400936
4806,0,0.9587625003520704
4807,1,2.48737174135459
4808,0,1.4791198773191594
4809,0,1.1051217507319488
4810,1,0.7839636563247626
4811,0,-0.3784421621445378
4812,1,-1.0663895196644453
4813,1,1.048307650264875
4814,1,-0.8110919682452227
4815,0,1.1357855563312653
4816,1,-0.6736075312136707
4817,1,1.113440823173686
4818,0,1.1339545593977025
4819,1,1.7752086106624816
4820,1,1.3351822057283587
4821,1,0.19088813869679688
4822,0,-0.15965518107495538
4823,1,1.1215270624833749
4824,0,-1.4996641423523456
4825,1,0.3850785020848789
4826,0,0.14961811114005608
4827,0,0.9930685186961807
4828,1,-1.6666363410491507
4829,0,0.2989194356538781
4830,0,-0.20954998327558227
4831,1,0.02470092041792208
4832,1,-0.4755629956808568
4833,1,0.1871167792446249
4834,0,1.256291795424624
4835,1,0.6689472435572774
4836,0,0.2698543127612297
4837,1,-0.6219025797925308
4838,1,0.29895165379032695
4839,0,-0.13406335053838073
4840,1,-2.370728962710335
4841,1,0.6308538840588184
4842,0,-0.676618499666459
4843,1,-0.25984602379214117
4844,0,0.047211037860328
4845,1,0.5048332522626097
4846,1,-0.17937333364755706
4847,1,-0.1998871871020637
4848,1,-0.9160873279305283
4849,0,0.802762570649938
4850,0,2.2032788359433653
4851,0,-0.26479765263376964
4852,1,0.20941674461054685
4853,0,0.7615015397902231
4854,0,0.6277691009787536
4855,1,1.0109811772523525
4856,1,-0.16766735100266786
4857,1,-1.4451238653441694
4858,0,-0.6605186917840434
4859,0,-0.00027674634246279735
4860,1,-1.7187583918645906
4861,1,-0.03434102445571372
4862,1,-0.3025220970056687
4863,0,1.461971953595309
4864,0,-0.6974682182660745
4865,1,-0.1366922919835407
4866,0,0.6712875005177363
4867,1,-1.0783364084384266
4868,1,0.7511395842858176
4869,0,-0.013743642100377138
4870,0,-1.716975411495801
4871,0,-1.236257079795972
4872,1,-1.0153388304959274
4873,1,1.0540712652023063
4874,0,0.6159433492049243
4875,1,-0.9223449004643549
4876,1,0.09041513540442533
4877,1,1.051988168214391
4878,1,-0.5381194209219861
4879,1,-1.8614692999665357
4880,1,-1.2331077063730467
4881,0,-0.7192408465837943
4882,1,-0.6089977360387391
4883,1,-1.037292399449819
4884,1,-0.995107845711708
4885,1,-1.7584743683740307
4886,0,1.2122744145158717
4887,1,1.5549676470259701
4888,1,2.4341624044225645
4889,1,0.8020200521482472
4890,1,0.062031403845352995
4891,1,0.6157844680062954
4892,0,-1.5318421099615587
4893,0,0.5923903811273652
4894,0,0.24947025921001345
4895,0,2.120943938799607
4896,1,0.03583397498924015
4897,1,-1.663859075910269
4898,1,-1.239201123476581
4899,0,-0.14640606699793426
4900,0,-0.6351368099964358
4901,1,0.24754065765062053
4902,1,1.3799582395543515
4903,0,0.26037483577660114
4904,1,1.2555331425512681
4905,0,-0.02404619661477894
4906,1,-0.5329367171579357
4907,0,0.03230684859660441
4908,1,0.039754447771056876
4909,0,0.005700469672663023
4910,1,-0.4148763639676382
4911,0,0.3479273091033615
4912,1,-0.5804896837278755
4913,1,0.5883414874868215
4914,0,0.553871851012829
4915,1,-0.18940676663389355
4916,1,-0.30008071491409705
4917,0,-1.134907694429938
4918,0,1.0410739036875385
4919,1,-0.9114834535675603
4920,1,0.6311580260898951
4921,1,-0.7749894663054347
4922,0,-0.4848112926944421
4923,1,0.6800187265884605
4924,0,0.46515694441250016
4925,1,0.8866180523871555
4926,0,-0.18826481238790668
4927,1,-1.7329813425431952
4928,0,1.4709617210835901
4929,0,0.2747593753072546
4930,1,-0.05963420272488397
4931,1,0.8419095962266059
4932,0,1.114019439915842
4933,1,-0.2509418292732091
4934,0,0.9578221529371753
4935,0,0.348419277255586
4936,1,0.5147253113979529
4937,1,0.5289543842438679
4938,1,-0.12731243818746116
4939,1,1.1200539939297065
4940,0,0.8473228951563581
4941,0,-0.2552893798449324
4942,1,-0.004960503229683879
4943,1,1.388369785445668
4944,0,-0.6047073626193873
4945,1,-0.7207765418255002
4946,0,-1.4691203187683675
4947,0,0.17483443534936888
4948,0,1.12439014118855
4949,1,0.08130500677538335
4950,0,-1.8435861159892482
4951,1,-1.2743045437274634
4952,0,-0.5260386435313442
4953,0,0.9113376722780596
4954,0,-0.038638956788328536
4955,0,-0.18819918274479827
4956,0,-0.28012125250184133
4957,1,-0.0457431501551225
4958,1,-0.6793563847784331
4959,1,-0.01484059446441711
4960,0,0.8640846323787865
4961,1,0.27616753407636135
4962,0,-0.7189174722146805
4963,1,-0.25544658875669335
4964,1,0.951620947671148
4965,1,1.1054844858904556
4966,0,0.11673737045427855
4967,0,0.17787627936310846
4968,1,-0.2101149290902262
4969,1,-0.5460989152902929
4970,0,-1.588455558935167
4971,1,-0.31477518448753217
4972,0,-1.4465941336909944
4973,0,2.207037730419437
4974,1,0.26537996778841844
4975,0,0.6596071778930395
4976,0,-0.0057952659379559785
4977,1,0.14532041702907247
4978,1,0.10336737259145509
4979,1,1.4160186713013871
4980,0,-1.6252566916897155
4981,0,0.08091683482921308
4982,1,0.8838549224673453
4983,1,0.5754222401693216
4984,0,0.007130852092340059
4985,0,-0.42750454141689076
4986,1,0.1451752891894361
4987,0,-2.1612227415256107
4988,0,0.2681700855868874
4989,1,1.267182863745148
4990,0,-1.5152702760131658
4991,0,-2.144938706254696
4992,1,-2.3685310203197987
4993,0,-1.0765631351898846
4994,0,0.028138131434020344
4995,0,0.9998268610078979
4996,1,0.43484813493143804
4997,1,0.5370183955612214
4998,0,0.3301401179218452
4999,0,-0.1215293778247666
5000,1,-1.2451911503924273
5001,0,-0.22106829330033542
5002,0,-0.7895800247812118
5003,0,-0.7174659015763595
5004,1,0.35156080948569346
5005,0,0.7970721542681775
5006,1,0.7191847432971065
5007,0,0.04992570416527599
5008,1,-0.33425424049630603
5009,1,0.35669593505230773
5010,0,-2.441788994375882
5011,1,-0.14694293416338403
5012,0,0.012415875653025868
5013,1,-1.0690181279392208
5014,0,-0.993351720201158
5015,0,-0.5365291873605459
5016,1,-0.5813714853103358
5017,1,-0.5328044595230803
5018,1,0.21470369599927352
5019,0,0.6981259787138244
5020,0,1.7235886713126936
5021,0,1.5820068107951468
5022,1,0.6514739156142653
5023,0,0.3982638801283308
5024,0,0.9502865851901728
5025,1,1.7862714655285021
5026,0,0.16176459756522832
5027,1,0.2796938537264881
5028,1,-0.8059431670108229
5029,1,0.6951836090338768
5030,1,-1.546807415662217
5031,0,1.0391632081278646
5032,1,2.082150982700329
5033,1,-0.10192110537755422
5034,1,-0.37059277828779624
5035,0,-1.162919266507076
5036,1,0.4871799562343163
5037,1,2.591034074551987
5038,0,-0.08941537883363837
5039,0,0.03347720062563512
5040,0,1.5849820000417314
5041,0,2.311161504888471
5042,1,0.41819225685143047
5043,1,-0.8050577927806977
5044,1,0.46661583924795413
5045,1,0.9920318871034165
5046,1,2.102272952680443
5047,0,0.03750082100434807
5048,1,0.4561219335357358
5049,0,-0.4547605118538821
5050,1,-0.5346434187181416
5051,1,0.2040629918128067
5052,1,-0.525823616269395
5053,0,-0.3606066069333099
5054,0,0.2977881685255435
5055,1,-1.0761093053652289
5056,0,1.257417714953414
5057,0,-1.4300189779725976
5058,0,-1.1273100668142473
5059,1,-0.444819616419911
5060,1,-0.5146764716030492
5061,1,-0.5868129780037573
5062,0,-0.5711145975893576
5063,0,-0.07216463248896464
5064,1,0.05180735237280872
5065,1,-1.2067772218472403
5066,0,0.4265203218957922
5067,1,-0.27400079772644353
5068,1,-1.2159748824599632
5069,1,0.24792290844753262
5070,0,-1.4602600179689629
5071,0,0.2539424898129923
5072,1,-0.380752622607309
5073,0,1.1516101558325837
5074,0,-1.6436001770381568
5075,1,-1.765208661990322
5076,0,-0.8146100991741909
5077,0,1.7587921189042994
5078,1,1.7004894315291945
5079,1,-0.26190202822535735
5080,1,-0.4798439899308202
5081,0,-0.37189832848330107
5082,0,-0.34527977363198376
5083,0,-0.6065282790186779
5084,0,-0.48909095234747213
5085,0,0.8384549609812658
5086,1,-0.021690525427434833
5087,0,-0.13161226308963925
5088,0,0.3546763736191451
5089,0,0.633931141068968
5090,1,-1.6205312025562009
5091,0,-0.19078445828166343
5092,0,-0.37193668199582425
5093,0,1.0381051378475086
5094,0,-0.5812267635015564
5095,1,-0.03848801971463084
5096,1,-0.005294548635716265
5097,0,0.1111171828915402
5098,0,-0.12701772344151038
5099,0,1.065616545052509
5100,1,2.076910135050492
5101,1,-0.11859020015562242
5102,0,-0.38123804800158284
5103,0,0.6442791274455468
5104,1,1.0352345715714617
5105,0,0.5376098624337051
5106,0,0.7764165649947128
5107,0,1.1158787856750303
5108,1,0.3151555851179306
5109,1,1.2700719459736949
5110,0,1.176401990073545
5111,1,-0.7766517772832929
5112,0,1.3041054763872912
5113,0,1.5075933821444663
5114,1,1.3550298807250847
5115,1,-0.6358697144218622
5116,1,-0.10685981017568894
5117,1,-0.5065096316141603
5118,1,-1.2389125636739073
5119,1,0.06413808996029284
5120,1,-0.4164890852784091
5121,0,0.8047966129596364
5122,1,0.9385269150792603
5123,0,-1.1052676360379698
5124,0,-0.2709184334955211
5125,1,-0.618509007094375
5126,1,-2.0719790630098895
5127,0,0.17674323730583222
5128,1,0.12044382162538908
5129,1,-0.6098953955073193
5130,0,-0.8222608881126332
5131,1,-0.5180180467602589
5132,1,1.7099146401288778
5133,1,-0.49377193453138263
5134,1,-0.47695054579433904
5135,1,-0.09509188558443214
5136,1,-0.9237188597683904
5137,0,0.6733136569034642
5138,0,0.5391324593757568
5139,0,0.4266778886380078
5140,1,0.05413149718107843
5141,0,-1.1066715874782662
5142,1,1.2257911337882519
5143,0,0.6843207203469852
5144,1,0.18183188951046533
5145,0,-1.4958096933009588
5146,1,-1.5881305268437202
5147,0,0.24470533081384044
5148,1,0.615204929863088
5149,0,-1.1497427760959507
5150,0,-0.5522942056518196
5151,1,0.1361793394025595
5152,0,0.8371966044039771
5153,0,-0.5039539928809241
5154,0,1.130382732451586
5155,0,0.45416980498074083
5156,1,-0.021669024875623697
5157,1,2.007463249701989
5158,0,-0.49533296887604816
5159,1,-2.300059263542221
5160,1,-0.07164801606816
5161,0,-0.558326270567658
5162,1,0.7850232433817079
5163,1,-1.3196152271423924
5164,0,0.822208543555189
5165,1,-0.17100459966077003
5166,0,-1.2218889715023646
5167,0,0.42843877815775766
5168,1,-0.9225645270801649
5169,1,0.32500994865299504
5170,0,-0.10455419523236781
5171,1,3.1096492607107384
5172,0,0.368303345353091
5173,0,-0.04044137009165414
5174,1,-1.41767477019644
5175,1,0.5846135266112962
5176,0,0.21190433915342086
5177,1,-0.805933009130234
5178,1,-0.7919773419695705
5179,0,-1.9447666128753238
5180,0,1.4237749650127047
5181,1,-0.35790386889527653
5182,0,1.0529213495815222
5183,0,0.8368282538156141
5184,1,-1.503282013554767
5185,0,-3.0865845056423398
5186,1,-0.45359968562050174
5187,1,1.6772130689981233
5188,1,0.06578870725207313
5189,1,-0.06755300930390173
5190,1,-1.0135051993066255
5191,0,1.3605908820864385
5192,0,0.8275728946083559
5193,1,0.5774775273545656
5194,0,-0.7737823551070263
5195,1,-2.861783350729759
5196,0,0.5308816296758658
5197,0,0.10088173362101971
5198,1,-0.2537026924746562
5199,0,0.22496455291948442
5200,1,-1.893538259424962
5201,1,-0.03522771642595923
5202,1,0.8510937811104816
5203,0,1.0950054356486651
5204,0,0.19594210683882954
5205,1,-0.09940100337895455
5206,0,-1.2609663888225224
5207,0,-2.2970664897086626
5208,1,-0.012792112158609325
5209,0,-0.044524701049253615
5210,1,0.09685539922218793
5211,0,-0.11838117217646515
5212,1,-0.16291207769933366
5213,1,0.778164224583359
5214,0,1.2645140772835732
5215,0,0.10278249340802025
5216,0,-0.6785225189446465
5217,0,-0.4379321179464499
5218,0,-1.4313478421875134
5219,0,1.2013853477050802
5220,1,-1.3525542034284375
5221,0,-0.39190718848032113
5222,0,3.1736391092676937
5223,1,-0.6613337860454078
5224,1,1.488129125475756
5225,1,0.6067236805035167
5226,1,0.2803901550375386
5227,0,-0.4702264703858905
5228,0,-0.309806976518614
5229,0,0.28772826578048905
5230,1,-0.3840316664449763
5231,0,0.7843371479148767
5232,1,0.17080207456505492
5233,1,-1.595400751266142
5234,1,-1.37114935246782
5235,1,-3.140253626585274
5236,0,-0.039012589297229686
5237,1,-0.3062208729254379
5238,1,0.1012280058004056
5239,0,-0.015359294079881982
5240,1,-1.4741474577910778
5241,0,1.335883289606505
5242,1,1.5676460795047826
5243,1,1.5735741039401354
5244,1,-1.9380413298693195
5245,1,0.47267789814031935
5246,1,-2.1961553401944647
5247,1,-0.681453257734034
5248,1,-0.7047781248569057
5249,0,-1.0515901928237281
5250,0,-0.37833176441639155
5251,1,-0.274082792432559
5252,0,0.13196484508204512
5253,0,1.4187527414532188
5254,0,0.5511285584838007
5255,1,-0.37178545323076856
5256,1,2.650464446998085
5257,0,0.4822439958263248
5258,1,0.4703882273539024
5259,1,1.9139170155483913
5260,1,-0.4011849401085198
5261,1,2.0082383100922896
5262,1,-0.452604940597707
5263,1,-0.635778021719406
5264,1,1.052249123621016
5265,0,0.4644870662755148
5266,1,1.482149942084763
5267,1,-0.6060372007350692
5268,1,0.3188472801966591
5269,0,0.29007040733964123
5270,1,0.32165247535867986
5271,0,-0.9519408528085872
5272,1,-2.539376921865652
5273,0,-1.6375194725949307
5274,1,0.31069143871034277
5275,1,-1.2026278524956546
5276,1,0.8205870127821332
5277,0,0.7710826140549969
5278,1,-1.4081020398652326
5279,0,0.06872143470179125
5280,0,-1.7194769830005716
5281,0,0.5669952913719734
5282,0,-0.9020789589978626
5283,1,1.5255452798782834
5284,0,-2.695752136344658
5285,1,-0.4135292742710692
5286,0,-1.9616583035850332
5287,1,1.5081087016401256
5288,1,-0.6651511641535574
5289,1,0.5361145745003109
5290,1,-1.0048916434196993
5291,1,0.3552900822762025
5292,0,1.8500009234314572
5293,0,-0.21036738230541152
5294,0,-1.4403459727960228
5295,0,-1.1223495483287476
5296,0,0.14196884206288257
5297,0,-0.9542764855814078
5298,0,1.2891236028139446
5299,0,-0.8187916547576836
5300,1,0.07041204280378112
5301,1,0.5031885575213902
5302,0,-0.4940178444554167
5303,1,-0.14405396583728003
5304,1,0.07628479009088707
5305,0,-0.4442130315123172
5306,0,-0.9892563839399547
5307,1,-0.8116617165467221
5308,0,1.2088710074509
5309,1,0.38464587017190055
5310,1,-0.036788723995871825
5311,0,-0.26642729597937914
5312,0,-0.4325429891396307
5313,1,-1.0911050193963803
5314,1,0.3328146765177914
5315,1,0.8919665151337376
5316,1,-1.7982307297597016
5317,0,0.2078614170189357
5318,0,0.9065408248360617
5319,1,-2.205723537698151
5320,0,2.0147645203711937
5321,0,0.6730818191822376
5322,1,0.7533437883381026
5323,0,-1.0961233482344905
5324,1,-0.9146390906684632
5325,1,-2.2293978677055057
5326,1,0.3689049164157124
5327,0,0.8563153502162439
5328,0,-1.2378938339874876
5329,1,-1.0551795341892314
5330,0,0.8857525227096418
5331,0,-0.4298493325409876
5332,0,0.009007123825476348
5333,0,1.2572015267983088
5334,0,0.9182718172857794
5335,0,-0.270086278160746
5336,0,-0.6946034057314766
5337,0,-0.2532448899346789
5338,0,-0.9166042653200244
5339,0,-0.7797580997078369
5340,0,-1.561213966828629
5341,0,0.9220724907626366
5342,1,-0.7171343620180377
5343,1,0.16168667936633624
5344,1,-0.13811194149514913
5345,1,-0.22008568827106686
5346,1,0.27365224453220055
5347,1,-0.8797921603864797
5348,1,1.3603601096990747
5349,0,0.03729848619263942
5350,1,-0.01123938004796069
5351,0,1.4314457817124835
5352,0,0.7914507225654933
5353,0,1.8158460176307476
5354,1,-0.21699993580551513
5355,1,0.6997073995018088
5356,1,0.8286576620022874
5357,0,0.052071590861748056
5358,0,-0.7831271722635708
5359,0,0.8600200835459161
5360,0,-0.9602431736252437
5361,1,0.8942003935143673
5362,1,-0.6895201693628878
5363,1,-0.48918436464500276
5364,0,0.42184575397501123
5365,1,-1.7644025301514241
5366,0,-0.28997287788110443
5367,1,-0.09130949304715798
5368,0,0.3191617338509369
5369,1,-1.280137854018799
5370,1,-0.851971635674866
5371,0,-1.2803170959870018
5372,1,-1.0255704098689098
5373,0,1.567463199789522
5374,1,-1.402488737819851
5375,1,-0.3516378304656623
5376,0,-1.009272215492413
5377,1,-0.35995350867260323
5378,1,1.0572710372245402
5379,1,0.4479656335490721
5380,1,0.2719828990524345
5381,0,-1.6011670522398036
5382,1,-0.5375390884967118
5383,1,-1.3702655005686675
5384,1,-1.505488674884713
5385,0,-0.9553263517126184
5386,0,-0.339635148913207
5387,0,-0.5379751176532176
5388,1,0.29438254078432863
5389,0,1.5181643840526309
5390,1,0.6255443716250891
5391,0,1.683720959057088
5392,0,-1.3513657531362173
5393,1,-1.0873768879793588
5394,1,-0.5751298805161718
5395,1,0.3488633791618515
5396,1,0.1786222780328006
5397,1,0.09302043749641319
5398,1,-0.8165731647925455
5399,1,0.3076703421446611
5400,0,-0.5159668911173848
5401,1,-0.8937753803313726
5402,0,0.08566687756236277
5403,0,-1.5085615574908382
5404,1,-0.41774365408335556
5405,1,0.5090234488966304
5406,0,-0.6816909234309165
5407,1,0.2998347479915765
5408,1,0.3898120868783122
5409,1,0.47654402938081003
5410,0,0.2956208869782759
5411,0,0.8322023407679373
5412,1,-0.8698624791345604
5413,1,-1.8874466626495825
5414,1,-1.5260032270719968
5415,0,-0.5567721328729177
5416,1,0.38712920820820557
5417,0,-0.199126296570717
5418,0,-0.64782501359742
5419,0,-1.0579337305092853
5420,0,-0.39311785864294185
5421,0,0.11096832748010158
5422,0,-0.7618620729062188
5423,1,1.6066786606310297
5424,0,-0.7390792710385378
5425,1,-0.330992581654003
5426,0,-0.4758967953023881
5427,1,-0.2125298480331213
5428,0,1.5649098366432221
5429,0,-0.5236207397430425
5430,0,1.1412269878772898
5431,1,-0.024783128321179754
5432,0,-0.5917651360219465
5433,0,1.060100345056873
5434,0,0.5197618936026923
5435,1,-0.697348946523205
5436,1,-0.45121509555162054
5437,0,0.8086060991469382
5438,1,-1.3268009646436079
5439,1,-1.2322547597598508
5440,1,-1.0571726829543566
5441,0,-0.7023090368893119
5442,1,0.02724723004216342
5443,0,1.0057392943615915
5444,0,1.5625405330239506
5445,1,1.207801953387083
5446,0,1.5401668109425315
5447,1,-1.0864536440895907
5448,1,-1.3702209247745591
5449,0,-1.032632296012696
5450,0,-0.13149971555945636
5451,1,0.27175847431836436
5452,0,0.7314159021926554
5453,0,-0.6451724959742803
5454,1,-0.10899400203394126
5455,1,1.385467754416472
5456,1,-0.4391019404517219
5457,1,-0.0865183936497826
5458,1,0.45912467290085734
5459,0,-0.671547079369849
5460,0,-0.6842537040271772
5461,1,0.5572394070892996
5462,0,-0.7546733866474282
5463,1,-0.9979115999931947
5464,0,0.8927461167441646
5465,0,1.103549439727635
5466,1,-1.0503259247741026
5467,0,1.8145552391808806
5468,1,0.007934067804818017
5469,1,-0.975285034208128
5470,1,-0.39376998974092053
5471,0,0.722647394927838
5472,0,-0.5935015949865512
5473,1,-0.4698164201842403
5474,0,-0.5534102908869196
5475,0,0.5446433775346502
5476,0,-0.9347362866782004
5477,1,-0.43092508391672235
5478,0,-0.18508165901470092
5479,1,-1.209155234355624
5480,1,0.44627376131454494
5481,0,-1.5349468215646198
5482,0,-0.2892648694846048
5483,0,1.286660570416662
5484,0,0.5387688450986182
5485,0,-0.8222767811101768
5486,1,-0.9509527801689897
5487,0,-0.2009620191654968
5488,0,-1.104921855117415
5489,0,-0.1350344114532624
5490,1,0.7922433313713424
5491,1,-0.5438189746411449
5492,0,-0.9905656605588031
5493,0,1.8306774145040388
5494,1,0.3680442412823694
5495,0,-1.55569924079122
5496,0,-3.392567442049466
5497,1,-0.19933549788498417
5498,0,0.8406026456714745
5499,0,1.233910443353657
5500,0,-0.7559807626939995
5501,1,-1.4971027733711773
5502,0,0.09586026114341041
5503,1,-0.4450093416718661
5504,1,0.7818988527373207
5505,1,0.033399433793137985
5506,1,-0.5195255012714005
5507,1,0.10103230582559014
5508,0,1.1999564332410957
5509,1,1.608898787057951
5510,0,-0.8099228618163858
5511,1,-0.6831599964023767
5512,0,0.21764715968268175
5513,0,-0.33511355771410667
5514,0,0.06958700338750512
5515,0,0.7003005444621277
5516,1,1.484842984378909
5517,1,0.6802865581943963
5518,1,0.3264132604232994
5519,0,0.7059853680009572
5520,0,-1.2141111639610795
5521,1,-2.1951212135531506
5522,0,1.1083201047074087
5523,0,-0.5043269131504229
5524,1,-1.464032822963117
5525,1,0.10773017964842634
5526,0,2.1599805529956617
5527,1,-1.1794504339548297
5528,1,-0.15894403459933584
5529,0,0.07195318816586146
5530,1,0.775537022989346
5531,1,-1.3918490129769172
5532,0,0.7458719157904113
5533,1,-1.0370664022813538
5534,0,0.32004840067461837
5535,1,0.451273350484916
5536,1,0.837484467950568
5537,1,0.2385584607746311
5538,0,1.403286097756395
5539,0,-1.8909596326140925
5540,0,0.38507375579892567
5541,0,0.12933612354683038
5542,0,1.1702194127052628
5543,0,-1.0508382629844837
5544,0,1.6477866889546318
5545,1,0.5950919269884299
5546,0,0.2913514146173941
5547,0,-0.4073763222062115
5548,0,1.331995959970235
5549,0,-1.3921555588621815
5550,0,1.5621516823248174
5551,1,1.124323330855667
5552,0,-0.3828348081045249
5553,0,0.8293789951323464
5554,0,-0.6569783840762948
5555,1,1.8945967943625346
5556,1,-0.6716014698228882
5557,0,0.7788078142878627
5558,1,2.133530774253865
5559,0,-0.8041666439467942
5560,1,-0.20228252345655146
5561,0,0.7694628853778885
5562,1,-0.3840459872476404
5563,1,-0.9537772060812211
5564,0,0.29156487456795616
5565,0,0.5445893938531685
5566,0,-0.40525133692023046
5567,0,-2.1758156344332518
5568,0,1.6173918254685566
5569,0,-0.6634929997170301
5570,0,0.09549663758315544
5571,0,2.26895787594083
5572,0,-0.8688583082737195
5573,1,1.412646056294501
5574,1,-0.5351253584899043
5575,1,1.6105610128277479
5576,0,-0.8030735866423651
5577,0,0.49147903782342595
5578,0,0.15593358512623132
5579,0,0.57407514364471
5580,1,1.072672267008412
5581,1,-0.54947015560829
5582,1,0.36179421249831095
5583,1,-0.4426943844998891
5584,1,-0.48663617273226334
5585,0,0.5378250533026184
5586,1,-0.21240938422131042
5587,0,1.2333098183488147
5588,0,-0.4127949429789367
5589,1,2.098725192172718
5590,1,-0.04735845085774661
5591,0,-0.25647761290079185
5592,1,-0.04910504106679651
5593,0,-1.726179952231565
5594,0,-0.34808269305225154
5595,1,0.9444127069829995
5596,1,-1.5766705833461614
5597,0,-0.4549253813393707
5598,1,-0.27191688913106005
5599,0,-1.9222367463470895
5600,0,-1.1836318820535183
5601,0,-1.0429834536145737
5602,0,-0.214604923172323
5603,0,0.2138189172328433
5604,1,-1.1108344706589004
5605,0,0.4685596565391582
5606,1,1.5184093786117892
5607,0,-0.24220853402417225
5608,0,0.3949585019049914
5609,1,0.4566995449520211
5610,1,0.8861349055880311
5611,1,-0.059167280916393575
5612,0,0.0821621550619362
5613,1,0.16549568293901298
5614,1,-1.400051037054291
5615,0,-1.424265129501668
5616,1,1.6888868858603994
5617,0,-0.9140711508568495
5618,1,-1.1384856652513569
5619,1,-1.1506211048861001
5620,1,-0.5718290683014119
5621,0,-0.6081803951067797
5622,0,-0.01116704664366687
5623,1,-1.1085070996564812
5624,1,-1.0091798816810251
5625,0,-0.48477885603715987
5626,1,-2.08339550965312
5627,1,-0.06061403385728327
5628,1,-0.5118346871393067
5629,0,-0.772608756471941
5630,0,-0.04297247444754608
5631,1,-1.5663053463883512
5632,0,0.3453586220880641
5633,0,-0.809241345455102
5634,0,0.10706076339691006
5635,1,-0.5542186738643392
5636,0,-0.2329638692961196
5637,1,2.249745646444012
5638,0,-0.8745446749634329
5639,1,-0.4730596917908201
5640,1,-0.0679366536292165
5641,0,0.914070722961639
5642,1,1.6824045110659687
5643,1,-0.3794044308468134
5644,1,-0.3316923956867262
5645,1,0.7582338098511119
5646,1,-0.36799441380436887
5647,0,1.5324918860769194
5648,0,-0.8993252950309536
5649,1,-1.0232141625070381
5650,0,0.6755379553180527
5651,0,-1.2190890178899
5652,1,1.1470138170576052
5653,0,0.3458562832446917
5654,0,-0.6789658159616436
5655,0,-0.26881396830362436
5656,0,-1.2270685802434764
5657,1,-0.041224902703222134
5658,0,0.6034073533461873
5659,0,1.293470546702903
5660,0,0.11448597154631655
5661,0,-0.8554192310663414
5662,1,0.8027727424264813
5663,1,-0.22263460081119082
5664,1,-0.8675628430996719
5665,0,-1.0055970173941318
5666,0,-1.1730947905879099
5667,1,-0.6007489014639057
5668,1,0.9045495865486411
5669,0,-1.7522020145524744
5670,1,0.5547385800945215
5671,0,-1.2082218949023549
5672,1,1.263783197512934
5673,1,0.384203349098186
5674,0,-0.4061444962624369
5675,1,-1.4871847757952656
5676,0,1.6426867205833982
5677,0,-0.7366687391625286
5678,0,0.16067687788328922
5679,0,1.0237109666249689
5680,0,-0.6500590311175366
5681,0,0.8591218735976656
5682,0,-1.0023086045617717
5683,0,0.7934719029728301
5684,0,-0.9303835565104466
5685,0,-0.7648872983250666
5686,1,-0.8544399839263276
5687,0,0.43473282747528086
5688,1,-0.6796724720484397
5689,0,1.360249864619836
5690,0,0.9646453985668926
5691,1,1.5248121840088813
5692,0,-1.1800472301044576
5693,0,-0.20004672009802463
5694,0,-0.048990707671066815
5695,1,-1.5121215805381332
5696,0,0.024390281260358127
5697,0,0.15059294427735048
5698,0,1.0056538526528034
5699,0,-1.92584399079246
5700,1,0.4305063395436236
5701,1,-0.9353542168015185
5702,1,-0.9445895030535824
5703,1,0.14211366671724426
5704,1,0.15197441805477738
5705,1,0.3976666035283644
5706,1,1.0632184261227124
5707,0,1.3208714793743657
5708,1,-1.0203826851189952
5709,1,-0.4051235402958958
5710,1,2.7819425112645977
5711,1,0.6430678477670855
5712,1,-0.44570885048546627
5713,1,-1.2919994603325673
5714,0,-0.5638186979074906
5715,0,-0.37380489543736894
5716,1,1.4310865094968084
5717,1,2.551934184684192
5718,1,0.9839271235334954
5719,1,0.010128542287237197
5720,1,0.5471214200400129
5721,1,-0.20424177245182396
5722,1,1.2341156685891472
5723,0,0.10029694086500963
5724,0,0.670231452257471
5725,0,1.1088344757274906
5726,0,0.04393934015973523
5727,1,-0.9974598833797534
5728,1,-0.23885587933747066
5729,1,-0.6967647988921296
5730,1,-0.2036264966292
5731,1,-0.36290018871983676
5732,0,-0.6031542021661902
5733,0,-2.0905082007863345
5734,0,-0.6775196502849923
5735,1,0.4756817167041768
5736,0,-1.0790540456353517
5737,1,-0.5904718440262615
5738,1,-0.5416759049414599
5739,1,1.5915085959014625
5740,0,0.16397282947015435
5741,0,-1.3884756724204295
5742,0,-0.862496738971221
5743,1,-0.06057687972430549
5744,0,-0.32118723149220285
5745,0,1.0380353383324072
5746,0,-0.3926067371430304
5747,1,0.6242802152140167
5748,1,-0.3707751250024282
5749,0,-0.7450881231102003
5750,1,1.0885282752058867
5751,1,-1.37435877900615
5752,1,-0.3774324506376166
5753,0,-1.1430631375466842
5754,1,0.3836301167118699
5755,0,1.09324681794398
5756,1,-1.1960976340638712
5757,0,-2.05950674256191
5758,1,0.3077217202309719
5759,0,1.20700589464307
5760,0,-0.0063380999519200044
5761,1,0.12333542167250382
5762,0,-0.9015560784364988
5763,0,2.7867309970214387
5764,1,0.6091797530510762
5765,0,2.244986434853293
5766,0,-0.5679837337167458
5767,0,1.7521336837611745
5768,0,-0.6279173390252066
5769,0,0.4206309891063931
5770,0,0.5748309939477265
5771,1,-2.310303915944375
5772,1,-0.5995787481183256
5773,1,-0.6005412750822355
5774,1,-0.7227432332968331
5775,0,-0.5043811854065622
5776,1,0.2246021184436391
5777,0,-1.1209891930822413
5778,1,0.38452845058612134
5779,1,-0.23594063530505743
5780,1,0.8027615745182861
5781,0,-2.0123141317674307
5782,1,0.8849152877486609
5783,1,0.4889981469216677
5784,0,0.8513827064837689
5785,0,0.3963457266178845
5786,0,1.5669298594979617
5787,0,0.9995742362104614
5788,1,-0.6451099687444645
5789,0,-0.35875435927816346
5790,1,-0.04765443884645997
5791,0,-0.018970865356454234
5792,0,0.9160378356320277
5793,0,-0.9787526894637827
5794,0,-0.8484687694751663
5795,1,1.1888278628872004
5796,1,-0.47618296816262484
5797,1,0.6298447360662959
5798,1,-0.08480012861396075
5799,1,-0.4497541031793321
5800,0,0.6175606027393871
5801,0,-1.6111244746020246
5802,0,0.01324771524021541
5803,1,0.30224237705942336
5804,1,0.15504204028260204
5805,1,-0.09492080192719318
5806,1,1.4112408114786275
5807,0,0.08635067897019952
5808,0,1.1932471501481603
5809,1,-0.3046473815247176
5810,1,-1.421318649699143
5811,1,-0.4748553901422503
5812,1,0.8339099783553259
5813,0,0.8745688626878914
5814,1,-1.1602093170188457
5815,0,0.41035718206464794
5816,1,0.8196572865074221
5817,0,0.8198577272142175
5818,1,2.2201944083712912
5819,1,0.29819318373237125
5820,1,0.36685793735447814
5821,1,0.4784744878315877
5822,0,-0.5442060474015782
5823,0,-0.8678486771396331
5824,1,-1.0276149681452877
5825,0,0.8538507955637212
5826,1,1.1021387932945934
5827,1,-0.20926888022160975
5828,0,-1.74530836963709
5829,0,0.11090062657466777
5830,1,-0.0014229819161191409
5831,0,0.3846595137185977
5832,1,-0.7920389679499804
5833,0,-0.864417873754711
5834,0,1.189356301355733
5835,1,2.6824093819013233
5836,0,-1.064025707883003
5837,0,-0.6230335089468451
5838,0,0.08244537166759583
5839,1,0.5089414274232115
5840,0,-1.4850730432499155
5841,1,0.779223605512655
5842,0,-0.5499966302088203
5843,0,-1.3995128944143556
5844,0,0.7907596210731133
5845,0,0.6298770356503869
5846,1,0.8364203398724029
5847,0,-0.1587000946336594
5848,1,-1.1939897501568286
5849,1,-0.30162017533680535
5850,0,-0.2802979898162314
5851,0,-0.14499913834640948
5852,0,-1.40305860538103
5853,0,-1.1946958264920686
5854,1,-0.1557100271813001
5855,1,-0.02417045559848563
5856,1,0.044068109648149
5857,1,0.5040146702755598
5858,0,-1.7706430146877679
5859,0,-0.8986800662003855
5860,1,-1.4752055312678203
5861,1,-2.5531138743008155
5862,1,-1.0110676224798154
5863,0,-0.272797257595373
5864,1,1.8730966321639009
5865,1,0.4400848776064662
5866,0,0.13007393509739873
5867,0,-2.1285791119696236
5868,0,-1.2304462605507716
5869,0,-1.5440065268512622
5870,0,1.1119586493382367
5871,0,-2.0939060365688076
5872,1,0.32128496526265277
5873,0,0.778741371202542
5874,0,1.212292288189649
5875,1,-1.0669496023446892
5876,0,-0.2588063382092111
5877,0,1.7368234971009988
5878,0,0.7456203919569355
5879,1,1.7078119302186
5880,0,0.36274402793576965
5881,1,0.6928110011443247
5882,1,-1.605325758460776
5883,1,0.1281070424337324
5884,0,-0.6833869179025328
5885,1,-0.05096307291477862
5886,0,1.6015281712984928
5887,0,1.1421663743212918
5888,0,-1.1211714703826574
5889,1,-0.09626326755945964
5890,0,-0.02856746434764444
5891,0,0.2375429909226636
5892,1,0.4159588202574011
5893,0,-0.0023744299720743693
5894,1,-0.3648194336169233
5895,0,-0.62164900933391
5896,1,-1.2878811588157295
5897,0,-2.3644502518998958
5898,1,-1.433856088219709
5899,0,0.7511449014476486
5900,0,0.7645441230612451
5901,1,-1.2288043602905696
5902,1,0.8123405626875749
5903,0,0.005319160150462877
5904,1,0.9554126141911763
5905,1,-0.9994602748698395
5906,1,1.4272888386522757
5907,0,-0.5180320733479729
5908,1,-0.4734138980013545
5909,0,-0.19057174280038855
5910,0,0.253968293758287
5911,0,0.6899412472391764
5912,1,2.872921645623484
5913,1,-0.6209701952283327
5914,0,0.6297184612488942
5915,1,0.1765906100602788
5916,0,0.1725027827073417
5917,0,-0.14208466610442858
5918,0,-0.07546698170802477
5919,0,-2.1446512777714997
5920,1,0.0012119172570415815
5921,1,0.6764572867295242
5922,1,-0.4430431679192974
5923,1,-2.169255632458952
5924,1,-0.11111239029219437
5925,1,-0.3857952928182479
5926,1,2.0527578496799452
5927,0,-0.9877945382011432
5928,0,0.1621487562960971
5929,0,-0.11917649446946907
5930,1,1.2709623864617459
5931,0,1.8736600781906205
5932,1,0.33240677282741826
5933,0,0.1308742111606393
5934,0,0.5190710866533468
5935,0,-1.9480041600430418
5936,0,2.134479988385183
5937,1,-0.7064197456200509
5938,0,-0.2938973815110305
5939,0,1.651440749075609
5940,0,-1.0268277540770934
5941,0,0.2516535019519461
5942,0,1.8307167975171343
5943,0,0.031014663786921824
5944,1,0.19411351654388537
5945,0,0.08813692048575775
5946,0,-0.2788193764952142
5947,0,-0.31647495014458554
5948,1,0.8882686462551269
5949,1,1.180245764002861
5950,1,-1.3212950587055918
5951,1,-0.012580086042761382
5952,1,-0.2853985465711356
5953,1,-1.953287543796312
5954,0,-0.5021748538792569
5955,0,0.9563490801909904
5956,1,1.2149098129331943
5957,1,0.0017779915244791672
5958,0,-0.4867386700801206
5959,0,0.4211372839117745
5960,0,1.015541032450611
5961,1,1.2119101730332644
5962,0,0.17197013750351256
5963,1,-0.7751840804933618
5964,1,0.5996796695429792
5965,1,-1.13943853913604
5966,0,0.39192596191210266
5967,0,-0.2448663152287016
5968,0,-0.7983465916649812
5969,1,-1.3207256015705708
5970,0,1.3793418893020828
5971,0,0.4123504214035598
5972,0,-1.7850451639577605
5973,1,0.14506423376491737
5974,0,-0.41543984566223485
5975,0,-0.8258187130582169
5976,1,-1.2307612287354461
5977,0,-0.19965888735427897
5978,1,0.869622330621115
5979,1,-1.6008528468781469
5980,1,-1.1883082478988007
5981,1,-1.1114094834512138
5982,1,-1.023790192234319
5983,0,1.1874235714011037
5984,1,0.7672882718014594
5985,0,-0.6441622796409696
5986,0,-0.9288369913041272
5987,1,0.17009960387443682
5988,1,-0.6997122552759161
5989,1,-0.5091476352928784
5990,1,1.8214849930879706
5991,1,-1.3390813635098828
5992,0,1.4741332731696084
5993,1,-0.6537502610219715
5994,0,-0.4363951315145964
5995,0,-0.8234048787552475
5996,0,1.423388453594709
5997,1,0.012337928538427823
5998,0,-0.5628421895807857
5999,0,1.4701398900401916
6000,1,0.0902433926547361
6001,1,1.4474553175136433
6002,1,-0.6624212257033635
6003,0,0.19173308415875293
6004,1,-1.1425963878497056
6005,1,1.172180767461314
6006,0,0.5143296813731485
6007,0,0.6437443298032519
6008,0,-0.15462087868968702
6009,0,-1.6557411268197206
6010,0,0.9586477595956149
6011,0,-1.1112523071148643
6012,0,0.31321979880446615
6013,0,-0.4415395930997064
6014,1,-1.0563567788130868
6015,0,0.6457275894012859
6016,1,0.091599629279102
6017,1,-0.227819062563741
6018,0,1.8637109373446574
6019,0,0.7214995535542531
6020,1,-1.3931478165194078
6021,1,-0.0636897365666843
6022,1,0.026514648661520777
6023,1,-0.8164839914914779
6024,0,0.5954182407569053
6025,1,-0.3505884992697002
6026,0,0.8072467233206955
6027,0,-0.08343201538925732
6028,0,-0.8106497187914348
6029,0,1.0924882662015734
6030,0,-0.012402224157595043
6031,1,0.9665848922863677
6032,0,-0.10831097019887492
6033,1,0.48450026708564103
6034,1,0.42638712202760354
6035,0,0.09458881479091501
6036,1,-1.5450601847866923
6037,0,0.4792333375073041
6038,0,-0.41431956739411585
6039,0,0.7673362288689682
6040,1,0.1385106666064815
6041,1,-0.4577694871714801
6042,1,1.4466615253855364
6043,1,1.0898095921402586
6044,1,0.6175809141535292
6045,0,0.6815639774211271
6046,0,-2.175868804608109
6047,1,-0.8051916008796219
6048,0,0.7410053589395814
6049,1,1.2671702763617563
6050,1,-0.7574771371374199
6051,1,0.7017960182804994
6052,1,-0.43236845338787655
6053,0,1.6255532026004655
6054,0,-1.0777233983265515
6055,1,-0.4114437027055959
6056,0,-2.1412940121772546
6057,1,-0.13542984092593918
6058,1,-0.9538706258172516
6059,0,0.018634524286866856
6060,0,1.4103803965268984
6061,1,0.21134865492834737
6062,0,-0.5865875222181817
6063,1,0.4752303035323301
6064,1,1.7482601575431362
6065,1,-0.1611060382235662
6066,1,-0.06211282467254047
6067,0,0.1626332563919337
6068,1,1.1212674526496327
6069,1,0.8311678203747099
6070,1,0.366488717354553
6071,1,-0.07908703257046525
6072,1,-0.28704307433193393
6073,0,-0.3430845854856578
6074,0,-0.5586401353267052
6075,0,-0.6196072162692152
6076,1,-0.369060403044011
6077,1,-0.7475143088992353
6078,1,1.7064929030326978
6079,0,0.4598642031296853
6080,1,1.8438340077431108
6081,0,1.5969828296753397
6082,0,0.024561992500082497
6083,1,-0.32011406464632597
6084,1,1.148471882985468
6085,0,-0.24143946111220327
6086,0,0.32910695870284484
6087,0,-1.5245557887124679
6088,0,0.7672019169308056
6089,1,0.48062165642321814
6090,1,1.1081056788493326
6091,1,0.9187530155015848
6092,0,-0.07757984906100089
6093,0,0.5207214905652748
6094,1,0.3297373213235669
6095,0,0.16661545643948344
6096,1,-0.8395742596001898
6097,1,0.6036096864430619
6098,0,1.5460453916291772
6099,1,-1.2555379625609155
6100,0,-1.5725708241939202
6101,1,0.5819260341663052
6102,1,1.187851683205909
6103,1,1.2235913773520468
6104,0,-0.35744834538058073
6105,1,0.40682440661594094
6106,1,-0.09825551192528414
6107,1,-0.5160290950179172
6108,1,0.851427881280279
6109,0,-0.9490055919826668
6110,0,0.7201757307164794
6111,0,0.7776086782066811
6112,1,0.7451346779980316
6113,1,1.1459182634929015
6114,1,-0.5201625363302615
6115,1,0.08334852569255068
6116,0,1.4074965878965755
6117,1,1.276597681378375
6118,1,-0.25656798538706155
6119,1,0.4357872426610712
6120,0,-1.6758447870122808
6121,1,-0.5098345668248666
6122,1,1.5602830477330565
6123,0,-2.4587718551087256
6124,1,-1.976396197586231
6125,1,0.09219859305527976
6126,0,1.6349682591932975
6127,0,-0.9491982516415349
6128,0,-0.3651326622647139
6129,0,1.7120591461404868
6130,0,1.2548040232917297
6131,1,-0.08210289653987188
6132,0,-0.7091296725867833
6133,1,-0.33002208490943313
6134,0,-1.1690353709633101
6135,0,-1.6898082130114684
6136,1,-0.9134815567829607
6137,0,-0.09229126093298114
6138,0,0.15543894611938075
6139,0,-0.09600945643297795
6140,1,-1.0397956404741553
6141,0,-1.5334563929692668
6142,1,0.029238737455181008
6143,1,0.9206848839007524
6144,0,0.33926740792584537
6145,1,0.4298631899570881
6146,1,-0.3136980281952309
6147,0,-0.33669503755397534
6148,0,0.4773545359511493
6149,0,1.1637528809076325
6150,0,-0.49848623180631724
6151,1,-0.8026699350548948
6152,1,-0.5529581154541625
6153,1,1.7102854215989904
6154,0,-0.31307485672523083
6155,0,2.2945808624567445
6156,1,-2.2706541013985535
6157,0,0.0019258026970562865
6158,1,-1.2964898031739815
6159,0,-0.25774262037527407
6160,0,0.42292333078756944
6161,1,0.4347019912051247
6162,0,-1.2057509406208424
6163,0,-0.23612169542108796
6164,0,-1.4804872508792626
6165,0,0.35932922393617656
6166,0,-1.3644569869401155
6167,1,-0.21725603062859078
6168,0,1.2830099940690425
6169,0,0.3494356513366169
6170,1,-1.1179579384549452
6171,1,-0.45162461343395793
6172,0,-1.5538966029089323
6173,1,0.4320806092573122
6174,0,0.8601011425951424
6175,0,-1.3078364942102203
6176,0,0.39240263820365506
6177,0,-0.1207338666220302
6178,0,0.6723562295899833
6179,0,-0.1739104850834596
6180,1,1.0609484239785638
6181,1,0.3014117107970009
6182,0,-2.058391874010152
6183,1,1.1394291978017583
6184,1,1.0239477791910012
6185,1,-1.1567761796313458
6186,0,-0.9092958261205359
6187,0,-0.8115748972015374
6188,1,0.4812280309189548
6189,1,0.9864660682256298
6190,1,1.4773962573842052
6191,1,0.5350903082865099
6192,0,-1.576659733822743
6193,0,0.24477853665411453
6194,0,0.7893861992829423
6195,0,0.3102060408758402
6196,1,0.3389896135073579
6197,0,1.101769899231991
6198,0,0.10540680606327087
6199,0,-0.14412013548172128
6200,0,1.2384994324334095
6201,0,0.3103433328714897
6202,0,0.38224946010216043
6203,0,-0.8233599547793337
6204,0,0.09419915062192516
6205,1,-1.7011348948828637
6206,1,-0.7182243396991422
6207,0,0.25756352446752534
6208,1,2.357304354010719
6209,0,0.1883380485821219
6210,0,1.3438506426178782
6211,1,-3.5576688908584937
6212,0,-0.05118313221040031
6213,1,-0.7869380789159753
6214,1,-1.3530135167644437
6215,0,-0.6601425349059791
6216,1,2.825795609952674
6217,0,-1.5480715512331003
6218,0,-1.8535146460687657
6219,0,-0.4673343869983328
6220,0,-0.08119625325855184
6221,0,-2.264219613711875
6222,0,-0.6619629554473943
6223,1,-0.915398833455556
6224,0,1.4375915571337408
6225,0,2.1034275551612747
6226,0,0.7283741747649198
6227,1,-1.4162778587582476
6228,1,-0.6571508752006298
6229,1,-1.636386855797912
6230,1,-1.175218111159481
6231,0,0.10158591510849872
6232,0,-1.2971674246615374
6233,1,0.31640042839942534
6234,1,-0.23702451436873967
6235,1,-0.9837788306638647
6236,0,2.0153481859899918
6237,1,0.8867455411430485
6238,0,-1.1227681056791532
6239,0,0.8360124458672917
6240,1,1.4030374853008523
6241,0,-2.2051630293741318
6242,0,0.533096272066903
6243,0,1.9131963507430907
6244,1,0.15171553558632933
6245,1,-0.3609649068062451
6246,0,-1.3467570363892145
6247,0,1.0213376035259023
6248,1,-0.10847070681154787
6249,0,-0.3938028185310934
6250,1,-1.4356457879953695
6251,0,0.025422433031415507
6252,0,0.8066306402512815
6253,0,-1.0661569415022585
6254,0,0.15695596023204567
6255,1,-0.6824507854781606
6256,0,0.23391868124533946
6257,1,1.0787728766262266
6258,1,-0.3156098513534523
6259,1,1.6135016321377074
6260,1,0.7026774060967538
6261,1,1.3845875063804607
6262,0,-0.2378551522745133
6263,0,-1.339043245392598
6264,1,0.967147379365899
6265,0,0.1182712922373655
6266,1,-0.14644847863886323
6267,1,-1.0669393977286266
6268,1,0.7880226194959244
6269,0,0.3699283762192709
6270,0,0.031431723392598095
6271,0,-0.2771360331409007
6272,1,0.3228144527425824
6273,0,-0.6891160292604518
6274,1,-0.2801641338098731
6275,1,-1.5064425929464678
6276,1,0.8247656926052747
6277,1,-0.14356398098430437
6278,1,-0.30014872162250283
6279,0,-0.3077735912785918
6280,0,-2.654516289270648
6281,0,-1.6913888809827615
6282,0,-2.385924265729996
6283,0,0.640609316657212
6284,0,-0.8756110238901151
6285,0,0.5347848270633657
6286,1,1.1815288111693114
6287,1,-0.9975759557159273
6288,0,-1.0978628731348596
6289,1,0.7872395396220406
6290,0,-0.13560633784215886
6291,0,0.5017559407842331
6292,0,-0.7765329040780412
6293,0,0.4456010884222436
6294,0,0.7753262145045833
6295,1,0.020719797895480726
6296,1,-1.3241428449821229
6297,0,0.22991337124759684
6298,0,0.9720697415085477
6299,0,-1.2744138148712805
6300,1,0.9247182796395861
6301,1,0.46035177017781864
6302,1,1.063358061443361
6303,1,1.621597338351157
6304,0,-0.12646969682213122
6305,1,1.537401111379817
6306,1,0.38088132622410215
6307,1,-0.03977745985904175
6308,1,0.2944226034374838
6309,0,-0.36415466072679575
6310,0,0.4825168213470645
6311,1,0.49636442724170576
6312,0,0.012530664244433961
6313,1,0.4118702946370478
6314,0,-0.5144269503860723
6315,0,-2.3123838352023087
6316,0,-1.0833909065948084
6317,0,-0.7048309478452679
6318,0,0.9865343240282773
6319,0,-0.6836232821779139
6320,0,-0.6307663236414713
6321,0,-1.1200489079785312
6322,0,-0.1578654260483059
6323,0,-0.10005866413104411
6324,1,2.781549868647035
6325,1,0.4404196071132668
6326,0,0.9499587531157576
6327,0,-2.021165262139042
6328,1,-0.10272751674770182
6329,0,-1.0229954721995742
6330,1,-0.619147422376908
6331,1,0.8369814463855578
6332,1,0.009013082399564056
6333,1,-1.3579780282862959
6334,0,-2.1219590167541256
6335,0,-0.4370598581187615
6336,1,1.4925137138942206
6337,0,1.8885359017823573
6338,1,0.007429851955673806
6339,0,1.0180501289722454
6340,0,-0.5658857643426253
6341,1,0.19579385071398792
6342,0,0.1050589596902928
6343,1,0.995463139269408
6344,1,-0.027133302565242347
6345,0,-0.41793602555284326
6346,0,-0.11976110115662414
6347,0,-1.076034891936859
6348,1,0.47345484545197475
6349,1,0.5321984876029491
6350,0,0.3311825392889045
6351,0,-0.5999391975858788
6352,0,0.20826559673994902
6353,0,-1.2731977099252898
6354,0,-0.04155244299259855
6355,0,-1.9676241500738183
6356,0,-0.13254011716822373
6357,1,0.006739276341672137
6358,0,-0.5757949874678026
6359,1,1.1927342793337394
6360,0,1.3076322514280505
6361,0,-0.21415079559726918
6362,1,1.5867383376490476
6363,1,0.4334836878130894
6364,0,0.5145367842487738
6365,1,-1.3635692907991268
6366,0,0.399518456980636
6367,0,-1.354516208938575
6368,1,-0.8537382431725155
6369,0,0.16558049979874565
6370,1,-1.0496396989088306
6371,0,0.066517700901456
6372,0,-0.6118780709571363
6373,1,1.3895265044400502
6374,1,1.927357589001443
6375,0,0.7689774161551067
6376,1,0.22317145692757812
6377,1,0.4533086579015318
6378,1,-1.2637944957193015
6379,0,1.0088946979555007
6380,1,-4.616171093067844e-05
6381,1,1.2390683121365544
6382,1,0.7093478668905835
6383,1,-0.8502053093320003
6384,1,1.4146063536194204
6385,1,0.26568059735535043
6386,1,-1.2646499314585644
6387,1,0.5429736221506157
6388,1,0.6003374631091966
6389,1,-0.016208695017113618
6390,1,-1.1870399654986816
6391,1,2.317688703912161
6392,1,-0.054717378958754885
6393,0,1.591098430281769
6394,1,-1.3579068291847454
6395,1,1.1183845856932413
6396,1,-0.3754246630185975
6397,0,-0.03791111247207426
6398,1,-0.3985101955567945
6399,0,1.0273177001424059
6400,1,0.8848370464078725
6401,0,-1.6112310633874647
6402,1,-0.8593066918627398
6403,1,0.7233811331093067
6404,1,-0.6014960449208974
6405,1,-1.2909176646757567
6406,0,1.612456753123168
6407,0,1.456614512136105
6408,0,1.6307713294965076
6409,1,-0.9047123472828676
6410,0,2.2414867355836985
6411,1,0.54655085443205
6412,0,-0.02043209969946757
6413,1,0.5169567973467593
6414,0,0.44019142371641923
6415,0,2.5177457487923847
6416,1,-0.102659409987501
6417,1,-0.728881001548407
6418,1,-1.139024660189739
6419,1,-1.0028501821648992
6420,0,-0.3199798614999478
6421,1,-0.24043993594335417
6422,0,-0.43778687672955885
6423,0,-0.5184436069522647
6424,1,0.08595139242658992
6425,1,-0.3238599524439452
6426,1,-0.6620218939366879
6427,1,0.5075006148098152
6428,1,1.256259441038746
6429,1,-1.8698051947269645
6430,1,-0.3392906387392121
6431,0,-1.368209258818161
6432,0,1.612842477241586
6433,0,-0.953065181398764
6434,0,0.08209067295082753
6435,0,-1.286490315354114
6436,1,-0.05132054834822452
6437,0,-1.8092517469433025
6438,0,0.0703317741347785
6439,1,0.37296626922252923
6440,0,1.5116765529838911
6441,0,0.3782726183626649
6442,0,1.5594035597420985
6443,0,-0.7431351500113692
6444,1,-0.34302808263489376
6445,1,0.20160216081724536
6446,0,0.7965743867839745
6447,0,0.19609541358822136
6448,0,-1.1067932559633367
6449,1,1.943525819969279
6450,0,-0.623367644365422
6451,1,0.6672067145672547
6452,0,-0.2520634000967092
6453,1,-0.8538814346269715
6454,1,1.7010966743608242
6455,1,1.4677292622358253
6456,1,-3.464780452929139
6457,0,0.940626366118137
6458,0,-0.9250568667484989
6459,0,-2.030403647222433
6460,0,-0.13416969322408112
6461,0,-0.5670531773042585
6462,1,1.4113356185584516
6463,0,-1.1245598078441237
6464,1,-1.3903345611125175
6465,1,0.8090253040634131
6466,1,-1.0930471910295465
6467,0,-1.6370768605651251
6468,1,0.6497775510047787
6469,0,1.9595450031956707
6470,0,1.3409756413649199
6471,1,-1.201676147476193
6472,0,-0.5580604403668719
6473,0,-1.900881780022275
6474,1,1.4502243695746178
6475,1,-1.3368365892911547
6476,1,0.9751982074476248
6477,0,1.6230934835859927
6478,1,1.4248700093940614
6479,1,0.4605448305100896
6480,0,0.44460651330895706
6481,0,-1.0080215209367838
6482,1,-0.3727867853086996
6483,1,-0.3358226235185445
6484,0,1.5289829596071864
6485,1,0.5791981540971354
6486,0,1.1990876498784637
6487,1,0.3790214880709855
6488,1,-2.2332900310735893
6489,1,1.6277437165685886
6490,1,2.8213216210898797
6491,0,-1.5986212186242017
6492,1,0.7963427243301505
6493,1,0.35206949823554806
6494,0,3.1913576996083535
6495,1,0.30005923951969
6496,0,0.6322053208300553
6497,1,-1.2423590602800467
6498,0,-0.27383793051840316
6499,1,1.7325059547479582
6500,0,0.4153190869860482
6501,0,-0.677548808329804
6502,1,-1.0357092730420203
6503,1,-0.5572263015266015
6504,0,-1.5934168491177243
6505,1,-0.04106772014723267
6506,1,-0.07349657467661688
6507,0,-0.9994370215033125
6508,1,-1.7452228048282044
6509,1,0.7276322206330782
6510,1,-0.3863945548790772
6511,0,-0.5638274714964877
6512,0,-0.7277882087194845
6513,0,0.12463339855604247
6514,0,-0.08698427531376102
6515,1,-0.8736611505014382
6516,0,-1.4971801829750877
6517,1,0.7407312855718151
6518,0,1.7099449365819688
6519,0,0.4668906073235177
6520,1,2.260991904837442
6521,1,0.8515542343511484
6522,0,-1.7382912023478916
6523,0,0.6671279726147252
6524,1,-0.9065481267741705
6525,0,-0.2008903715244486
6526,0,0.8786605726750101
6527,0,0.4769718192228759
6528,0,0.5381951926770393
6529,1,0.574475673763874
6530,1,-0.7210473033207058
6531,0,0.8913302366723685
6532,1,-0.992690088616927
6533,1,-0.7072241755233952
6534,1,1.2776051291819137
6535,0,0.5630791205173836
6536,1,-0.11484218074639664
6537,1,0.5418816512860011
6538,1,-0.004007962485150963
6539,0,0.7294717912723684
6540,0,-0.24914444973437844
6541,1,0.5680526366202778
6542,0,0.031738551149678954
6543,0,0.9645455372325588
6544,0,1.5082916390758967
6545,0,0.8657925206082424
6546,0,0.5038178403288096
6547,1,0.8027642349596372
6548,0,-1.3346453705688839
6549,0,1.206186987793858
6550,0,-0.18500391913782582
6551,1,0.7682324129067768
6552,0,-1.0096906060759858
6553,0,-0.6343861518819085
6554,1,0.30056922767845795
6555,0,-0.09993560080225307
6556,1,-0.3166473161284954
6557,0,0.08112480985310924
6558,1,0.3797751394734752
6559,0,-1.6426799980983753
6560,0,0.965450753337753
6561,0,0.6237375073990317
6562,1,-0.6285730970920886
6563,1,0.7145748615396796
6564,0,-0.14528804935285553
6565,0,-0.6582884512190987
6566,1,-0.5151647588911458
6567,1,0.35790966924877937
6568,0,0.8884800123476664
6569,1,0.13102492020117212
6570,0,0.23459234676535082
6571,1,1.4303382672950185
6572,0,0.8988674294125962
6573,0,0.7050174723925385
6574,0,0.40864873151670095
6575,0,-0.4789676288904704
6576,0,1.2238327123434591
6577,1,-0.36505848869855784
6578,1,0.6290254541918584
6579,0,0.0737238238166874
6580,1,-0.8428623079966991
6581,1,-0.48756676450477554
6582,0,-1.4763326672195716
6583,1,0.1460555244488753
6584,1,-0.057270551173367164
6585,1,0.3870453961035163
6586,1,0.6171633831925929
6587,0,0.4762244008202588
6588,1,-1.1605175061799704
6589,0,-0.6293271916772726
6590,1,0.008757160909997905
6591,0,1.0198537023075391
6592,1,-0.19125494860546227
6593,0,1.0883666447189877
6594,0,-0.805840795984508
6595,1,0.23369433582282984
6596,0,0.3242210919608323
6597,1,0.015581126647157127
6598,0,-2.069394300570119
6599,1,0.6709918756925776
6600,0,0.29067925243500453
6601,0,1.1451902041265165
6602,1,-0.206519040825414
6603,1,-0.4372165714234383
6604,0,-0.6351654755070293
6605,1,-1.2186400010996083
6606,1,-0.3860772231726548
6607,1,-0.09332199548983804
6608,1,0.42671992087376237
6609,0,-1.16443853103506
6610,1,0.4422459998708473
6611,1,1.1710888458028095
6612,1,0.8183535013661132
6613,0,-0.27749033369808446
6614,0,0.471629504570981
6615,1,-0.214656372122045
6616,0,-0.018605042969604045
6617,0,0.40480080529998275
6618,0,-0.7599881729631626
6619,0,-1.616476055028371
6620,0,-1.3433734515380285
6621,1,0.508664752980025
6622,1,-1.0558819690513226
6623,0,-0.46504681803984527
6624,1,-1.270864335991918
6625,1,2.3955962385146123
6626,1,-1.4170919839988687
6627,0,0.8094331825508314
6628,1,0.799148148053359
6629,0,0.26012901143659284
6630,1,0.08466205558743886
6631,1,0.24000397187044248
6632,0,-0.03300024176276932
6633,0,1.0554962805234636
6634,0,0.6246655451351989
6635,1,-0.610253565631282
6636,0,-0.21396206051271385
6637,0,-0.29556203964381117
6638,0,0.8388925354186773
6639,1,-0.21002658284570172
6640,0,0.18656054798296698
6641,1,0.5468148595386199
6642,1,-0.7714880139148036
6643,0,-1.2520356375954544
6644,1,-0.08470370747130404
6645,1,1.5793385958556183
6646,1,0.8093187365507482
6647,0,0.7483720571539147
6648,1,0.020216316695579425
6649,1,-0.6583537477819464
6650,0,0.43746028170718304
6651,1,1.0063823083224814
6652,1,0.27498209000381707
6653,1,0.6868757605345359
6654,0,-1.353805928782252
6655,0,0.15666698016347697
6656,0,0.17827818300441609
6657,1,0.6135144976558123
6658,1,-0.3054539288752198
6659,0,-0.4988132198308036
6660,0,0.1711195803035618
6661,1,0.11345971119108465
6662,0,0.15690579302472063
6663,1,0.25395462886215453
6664,0,0.004850461101339782
6665,1,1.2238495204928646
6666,0,0.969616647588761
6667,1,1.5326777041552542
6668,1,0.9532158915907548
6669,1,-0.8386429431116575
6670,1,1.2551973820010744
6671,1,-0.5410135641390093
6672,1,-0.18203761270493443
6673,0,-0.6665988574868513
6674,1,0.2607988303399636
6675,0,-0.39774455845275486
6676,0,-0.8565759638996214
6677,1,1.5808836445496355
6678,1,0.37473429718344575
6679,0,-0.48552291071777176
6680,1,1.2741781470319673
6681,1,-0.6091765193194423
6682,1,-0.1308404965246482
6683,1,-0.6249984535349314
6684,1,1.2316634781854927
6685,1,-0.6339851951041189
6686,0,1.7291704821903713
6687,1,-0.436678659632149
6688,1,-1.4291786669316946
6689,1,0.6503091476382248
6690,1,0.3364881224771061
6691,1,1.3565262368922617
6692,1,0.7304386054295352
6693,0,0.28647725467426144
6694,1,1.970039682233294
6695,0,0.16069603881017164
6696,1,1.5280142794001585
6697,1,-0.9307109020539308
6698,0,1.4759555261297477
6699,1,-0.7116311722363561
6700,1,0.5060264027902361
6701,1,-0.7174035710171762
6702,1,0.13970457902782699
6703,0,-0.8464279679055344
6704,0,2.068091352654366
6705,1,0.9612787943165051
6706,0,0.30521371797053903
6707,1,-0.8361867418103621
6708,0,1.1731287299493618
6709,0,1.526965525621289
6710,1,-0.7908869370610824
6711,1,-0.4064148056302912
6712,0,0.42090718479056793
6713,0,0.8633555178376335
6714,0,-0.3560636931979939
6715,1,-0.11634061799434327
6716,1,-1.2271254985424025
6717,1,0.7060401691266334
6718,0,-0.13991269759887237
6719,0,-1.0952134748124647
6720,0,0.9754583870113634
6721,1,-0.2914333052147942
6722,0,0.43075100017281404
6723,0,-0.2580410753109978
6724,1,-0.7834455564394931
6725,1,0.3287311499034067
6726,1,-0.13115268461279045
6727,1,-2.39755444025784
6728,1,1.2682129649949256
6729,0,-1.6174207261357736
6730,0,1.5682931593009182
6731,1,-0.6611707351559741
6732,0,0.27667414670352003
6733,1,-0.4791395073091512
6734,0,0.7893017348464074
6735,1,0.24753194459516673
6736,1,-0.5696463564803804
6737,0,0.4588763589578589
6738,0,-1.6802219750278284
6739,0,0.25391652824857497
6740,0,0.17867500234279843
6741,0,1.1765844206300493
6742,0,-0.47612539619127753
6743,1,-0.07842731635831743
6744,1,1.2758967918665443
6745,0,1.1993523746782397
6746,1,1.209819786076107
6747,1,1.211902030911625
6748,0,-0.5075956247033426
6749,0,-1.4588211340009989
6750,1,0.11020136878001394
6751,1,0.7957603700682224
6752,0,-1.298240066477031
6753,0,-0.6952678275610411
6754,0,-0.3679495260146802
6755,0,-0.8418498339711832
6756,1,0.24042724010203703
6757,0,-0.10422167868725286
6758,0,-0.7373765485705651
6759,1,-0.9871131585586175
6760,1,0.2548269979854623
6761,0,-1.4723326433133876
6762,0,1.36658379950217
6763,1,-1.2899379904249866
6764,1,-0.022180154855029575
6765,1,-1.7066384030405313
6766,0,-1.542109580537311
6767,1,0.812128731416086
6768,1,-2.011901773853341
6769,1,0.012156601051896277
6770,0,-1.5653700180881236
6771,1,-1.208952784251251
6772,0,0.5658081061326636
6773,0,0.19330450550316094
6774,1,-0.3442494482952155
6775,0,-0.9725760139759999
6776,1,-0.24837494212668565
6777,0,0.3569231023484884
6778,0,-1.601753909133458
6779,1,0.21350786005465272
6780,1,-1.1362259696968928
6781,1,0.644306314466237
6782,1,1.7034955732834969
6783,1,-1.1758018739662028
6784,1,1.3950707822995485
6785,0,0.908934849231382
6786,1,0.8195557360495355
6787,1,-0.2540621235836722
6788,0,-1.093939790182129
6789,1,-0.3033742386008231
6790,0,0.04985816746956552
6791,1,0.6887175562951008
6792,1,1.4533146471714393
6793,0,-0.3350953736328013
6794,0,-0.5036607089442051
6795,1,0.13251558396718133
6796,0,0.3229860695280821
6797,0,2.5216475512809184
6798,1,-1.048908766293371
6799,1,1.0045996713688838
6800,0,-0.563615064644832
6801,1,-0.29095007899548037
6802,1,0.3579099826819447
6803,1,-1.3934057067947296
6804,0,0.8393014770772277
6805,0,-0.5811785254559134
6806,0,-0.7412020494492079
6807,0,0.023886072997128777
6808,1,-0.6228314447974181
6809,1,0.4848792614178918
6810,1,0.898522097198594
6811,0,-0.05578283658030485
6812,0,0.879381672340899
6813,0,1.079934098780505
6814,0,-0.5652835410085958
6815,1,0.04167320734380466
6816,0,0.5511766206735711
6817,0,-1.6177546811266685
6818,0,0.5228853108400601
6819,1,0.23559926675957746
6820,0,-0.4740153797222646
6821,0,1.2032931600155774
6822,0,-1.2639452671260316
6823,0,-0.352076159236262
6824,1,0.710147166658246
6825,1,0.01149558923348245
6826,0,0.6340710355282058
6827,0,-1.172889521670572
6828,1,-0.9019016766431392
6829,1,2.328892022070129
6830,0,-2.0856471839761643
6831,1,-0.25263219156561795
6832,1,0.8719559033954147
6833,0,-0.09239752437166103
6834,1,0.18972662537702642
6835,0,-0.08347016942143225
6836,0,-1.1017431549969254
6837,0,-0.18124102015052004
6838,0,1.4092896664649301
6839,1,-0.11159664430953033
6840,1,1.151067717797831
6841,0,1.7378351933196274
6842,0,0.26280975612623086
6843,0,0.4496342065354193
6844,0,1.8171169763075081
6845,0,-0.554119228349393
6846,0,0.3325535770669046
6847,0,1.7565628833857498
6848,1,-1.0565642273935756
6849,1,1.840271945957614
6850,0,-0.9717102599339683
6851,0,0.9194901242697273
6852,1,0.55610933891647
6853,1,0.5726993522498791
6854,0,0.7270946716734821
6855,0,0.558134558092739
6856,1,0.033109481999059505
6857,1,2.728917249051451
6858,1,-0.5546512293271812
6859,0,-1.5407351381297856
6860,1,-0.09160660711560155
6861,0,0.8352773795635331
6862,1,-0.23226578305257026
6863,0,-0.10493041168334842
6864,1,0.340452488678069
6865,0,0.7045303979157219
6866,0,0.10275958992216454
6867,0,-0.7861059739130544
6868,0,-1.2896260094912098
6869,0,2.007908117825253
6870,0,-0.4110983277555229
6871,1,0.8181559486090706
6872,1,0.2166875370409567
6873,0,0.6443200179843748
6874,0,-0.34589088343583807
6875,1,0.8323653088211697
6876,1,0.9128906341122467
6877,1,0.5819380858624223
6878,1,1.0237979884439328
6879,1,1.365671589928449
6880,1,0.2111382819832887
6881,0,-0.7077355683404862
6882,0,0.05660316865961831
6883,0,1.708640903134739
6884,0,0.375445354125577
6885,0,-1.1518672727473613
6886,1,0.9904876016364642
6887,1,-1.9922375933632293
6888,0,1.6385555486382177
6889,1,-0.6869598624478203
6890,0,-1.15181626001271
6891,1,3.063124781607551
6892,0,-1.4522754139037772
6893,1,-0.9184743687917687
6894,0,-0.6596106290624411
6895,0,-1.191537175931813
6896,1,0.8708154272625922
6897,0,1.2710311730479729
6898,1,1.4467355140942402
6899,0,0.46027405157621826
6900,0,0.9565891009564712
6901,1,-0.8358928855770371
6902,0,1.6479629219908125
6903,1,1.034464483149767
6904,1,0.13850140639410083
6905,0,0.5630729357092833
6906,1,-0.18372700189660085
6907,0,-0.5249776030638531
6908,0,-0.3529137283944018
6909,0,0.053512117699490463
6910,0,-0.6714106643519802
6911,1,0.6572355483588832
6912,0,-0.6924254509029124
6913,1,-0.1727597865913444
6914,1,-1.836188859119713
6915,1,0.7499615269475135
6916,0,-0.9025558675890186
6917,0,1.177802723376843
6918,1,1.441204738772139
6919,1,-0.4127698883717919
6920,0,-0.494592449626801
6921,0,0.4022837178107275
6922,1,-0.2701818210820389
6923,0,-1.0869234760347652
6924,0,1.3602349318501767
6925,1,-0.6828923544070733
6926,0,-0.07854174385064665
6927,1,-2.034401946837187
6928,1,0.26191455255719265
6929,1,1.6189490166875344
6930,0,0.8923983188411483
6931,0,-0.1995214362060793
6932,0,0.9779355400037055
6933,1,-1.2069448163212113
6934,0,-0.5040790007304972
6935,1,-0.6471819321226553
6936,1,-1.388823938411048
6937,0,-0.8955204322903262
6938,1,-0.7466946518812718
6939,1,-0.9095986840771336
6940,0,1.6884990052208855
6941,0,1.2212456513453123
6942,1,1.3150914062222712
6943,0,0.4771003491696052
6944,0,0.8368241701396405
6945,1,-1.3849555577052084
6946,1,-1.0113883726562691
6947,1,0.2883279408777689
6948,0,-0.5238609125984584
6949,1,-0.31664218048569437
6950,1,-0.8411183222628285
6951,1,-0.476564014407313
6952,0,-0.41287243664229056
6953,1,0.7176660023399857
6954,0,1.2233798835267653
6955,1,0.6613481390121086
6956,0,-0.37290341596369075
6957,0,-0.32296734048073455
6958,1,-0.9927789507469233
6959,1,-0.5159089799919625
6960,1,-0.4877515550644533
6961,1,1.3193726815856446
6962,1,0.621362718626597
6963,0,-0.8683520848143793
6964,1,1.1953058097983065
6965,0,-0.05351037371848935
6966,1,1.2351796797740926
6967,0,1.6115729730096113
6968,0,-0.04920955339206534
6969,1,-0.032293793873965686
6970,1,-0.5344128406799055
6971,1,1.129841579628958
6972,1,1.2749917516150042
6973,1,-1.9261981077949255
6974,1,-0.9369296800502448
6975,0,-0.5171902201089446
6976,1,0.43645345298830035
6977,0,1.079304083158513
6978,1,0.12773236746086747
6979,1,-0.48669724805982856
6980,1,-0.23028062689693327
6981,0,-1.8795040274060093
6982,1,2.1174707865721936
6983,1,-1.0544622092881053
6984,0,-0.303196937739747
6985,1,1.2750230589021505
6986,1,-0.11220727828994283
6987,0,-0.3868879840956752
6988,0,-2.474645590483929
6989,1,0.567548987729314
6990,0,-0.38849805038821944
6991,0,1.2037495563107259
6992,0,-0.8837504715980343
6993,0,1.7607752869936892
6994,0,0.35910153260198546
6995,1,-0.21983453151412036
6996,0,-0.42797281519707453
6997,1,-0.08649534894035492
6998,0,0.08236305930815857
6999,1,-1.6282631160848293
7000,0,-0.5230395797066382
7001,0,0.11610810255416962
7002,0,0.2036215115334043
7003,0,-0.3410168331643584
7004,0,0.010515751127453473
7005,1,-0.20989991423877344
7006,0,-1.517674247214081
7007,0,0.8801360175171651
7008,1,-1.1911679122254333
7009,0,0.052306398329712345
7010,0,0.5585406047208374
7011,0,0.11191324310372885
7012,0,-0.8130970754416724
7013,0,-1.0380215542750177
7014,0,-0.5291558477150973
7015,1,0.8804258216463078
7016,0,-0.2451116476905888
7017,0,0.3132412298379635
7018,0,2.1126376016939568
7019,0,-1.0527929076483884
7020,0,0.7464306726858062
7021,0,-0.8223584435537821
7022,1,1.7339436809890663
7023,1,0.1758436974214637
7024,1,0.7359141896859589
7025,0,0.28804808842377755
7026,0,-0.162738649473666
7027,1,1.1188218155479541
7028,1,-0.041206522915620415
7029,1,-0.5752186993231189
7030,1,0.21162772349417125
7031,0,-1.8948212838872882
7032,1,0.4404559924650288
7033,1,1.4408953894593293
7034,1,0.948720531284269
7035,1,1.0533904166960768
7036,0,-0.41383044117790097
7037,1,-0.11599973864936668
7038,0,-1.505418379461693
7039,0,0.2362134047151181
7040,0,-0.9821848613134138
7041,0,-1.7751484081071238
7042,1,-1.4868753595809225
7043,0,1.7943963162050272
7044,1,0.45265318859286635
7045,0,1.2798415376573409
7046,0,-0.2318245531215764
7047,1,-0.047970049582188444
7048,1,-0.10927553012388974
7049,1,0.31318175582210295
7050,1,-1.7067754372517272
7051,1,1.6414627897712806
7052,1,-0.46035210495904194
7053,1,0.8080024924953524
7054,1,0.637837884635306
7055,0,-1.4770524636393347
7056,1,2.542301186364732
7057,0,-0.6206542317638791
7058,0,-1.1232571201454493
7059,1,-1.2501936169606256
7060,1,0.8749004436101242
7061,0,-0.007802437860511487
7062,1,0.06645938497705182
7063,1,0.517439124450166
7064,0,-0.1154189780890412
7065,0,0.3126666148934786
7066,0,0.40658171567065243
7067,1,0.31703689051544426
7068,0,-1.273665492294187
7069,0,-0.8479563814802159
7070,1,1.2499592724755253
7071,0,-0.4633812277810306
7072,1,-0.15348927330638773
7073,1,0.0018053814466599588
7074,0,1.5870672991901333
7075,1,-0.6978530784377045
7076,0,-0.4780943086863606
7077,0,1.0937081130185036
7078,0,1.289814222352093
7079,0,-1.0579491459698924
7080,1,-0.24302394263348934
7081,0,-0.6091824853204727
7082,0,-0.6217346208090361
7083,1,1.3693644980531787
7084,0,-2.0596914888162203
7085,1,-0.43422202226823003
7086,1,-1.5172130743258947
7087,1,1.3448077181913907
7088,1,0.773596174731125
7089,0,-0.20969800716494602
7090,1,1.1793862476301769
7091,1,0.8193179600836876
7092,0,-0.49843697842669454
7093,1,0.6620316254085398
7094,0,-1.137568922413425
7095,0,0.7227591767855895
7096,0,1.2156044339885188
7097,1,0.03627662562793818
7098,1,-0.0037662616846708586
7099,0,0.27399114381670714
7100,0,-1.4276448584720247
7101,0,-1.820374027532256
7102,1,0.35844872028393693
7103,0,1.3624331583467009
7104,0,0.3198037916393327
7105,0,-0.6000707663229936
7106,0,-0.020693329468915653
7107,1,-0.17493053716715737
7108,1,-0.43110690602672325
7109,1,-0.9421326664032413
7110,0,1.1301452513683101
7111,0,-1.8193505120562132
7112,0,-0.11205343271376099
7113,0,0.9828171754439848
7114,0,-1.5155509769871927
7115,1,0.31367575991492525
7116,1,1.100135378252831
7117,1,0.13434425044864867
7118,1,0.6385194971629076
7119,1,-1.1609864414707662
7120,0,0.002094633511461373
7121,0,0.6264259342992039
7122,1,-1.0993542982869484
7123,1,-1.3575056509983912
7124,0,0.08250158528039749
7125,1,-0.258867538830906
7126,1,0.8587617395310149
7127,0,0.7836526594268763
7128,1,0.32792212508095137
7129,0,-1.0539626707016905
7130,1,1.4346414279328286
7131,1,0.2101175428097977
7132,1,3.9387715896273496
7133,1,0.4845007033814911
7134,1,-0.3404647511943234
7135,0,-0.5235355537317926
7136,1,0.3359355169450934
7137,0,0.675077422129745
7138,0,-1.0065913443838164
7139,1,-0.11972595386900198
7140,0,-1.0197386803117494
7141,1,-0.4891141368196893
7142,0,1.4766254482549956
7143,1,1.4555731832864878
7144,0,0.31195438582120477
7145,0,1.862703735768441
7146,0,0.9297057636459237
7147,1,0.39367277815031054
7148,1,0.18647341676844623
7149,0,-0.1747851861801287
7150,1,0.24778973489424397
7151,0,-0.016091590350914352
7152,1,-0.6767337225980746
7153,0,-0.8078649365834782
7154,1,2.0797547288179365
7155,0,0.7568588503777802
7156,1,0.291684847854266
7157,0,-1.0872597609611263
7158,0,-0.37965602767272405
7159,1,2.416608877964878
7160,0,-0.7136279517737902
7161,0,0.9322616489093821
7162,1,-0.1819772108245559
7163,1,-1.6259550676169297
7164,0,0.10672601295878005
7165,1,1.6622936572208686
7166,0,-1.0230901779963044
7167,0,0.9612928218457338
7168,0,-0.9172251293807288
7169,0,-1.0811088211356061
7170,0,0.12235269376318138
7171,0,0.21150671456312345
7172,1,0.37939718783596527
7173,0,0.9742794853708456
7174,0,-0.21502621042606587
7175,0,0.4355331233378854
7176,0,-0.452328173758491
7177,1,-0.3626405608832611
7178,1,-1.8949777926024103
7179,0,0.09614774763667282
7180,1,-0.009525641180339633
7181,1,-0.31650997458126723
7182,0,0.46281336950277224
7183,1,-0.801167646759313
7184,0,-0.4795076489077726
7185,1,-0.7725637452127088
7186,1,-0.5469365760661458
7187,1,0.7105753043292177
7188,0,-1.2265561582950002
7189,1,-1.7582970122102468
7190,0,2.0313818698850645
7191,0,-1.2215747239519505
7192,0,0.3848059820161386
7193,1,0.9657660771667562
7194,1,-0.5261959369697486
7195,1,-0.43033801915057784
7196,0,0.11983012078492052
7197,0,-1.0060854453791437
7198,0,-0.21311155118145936
7199,0,1.4521862026695513
7200,0,0.7623133446737225
7201,1,0.043236971967036394
7202,0,1.5658097005268772
7203,0,0.3077896963408367
7204,0,0.9055445490778032
7205,0,-1.2146622523646227
7206,1,0.23299295869862968
7207,1,-0.5830438037690581
7208,0,-0.6672746894159808
7209,0,-0.9144464943303449
7210,0,1.000811792398523
7211,0,-0.5176998896719064
7212,1,0.767819078241348
7213,1,0.7472821453254042
7214,0,-1.267094499791437
7215,1,0.2557989023727575
7216,0,2.1500015275358284
7217,1,0.3620663501407592
7218,1,0.2872372248496154
7219,0,0.8534857469346161
7220,1,-0.15280050037709078
7221,1,-0.07901982471222219
7222,0,-0.04508267665921135
7223,1,0.9409346847954903
7224,1,-1.5161607102870343
7225,0,2.2257460805456883
7226,0,0.6284009322668982
7227,1,0.6837093414343031
7228,0,1.0122931996033033
7229,0,0.49547570361641946
7230,1,0.6986412259738108
7231,1,-0.8136900666928268
7232,1,-0.5925668901427742
7233,0,-2.3769691283313437
7234,1,-0.13209257563814145
7235,1,0.21221077261750526
7236,0,-0.700574188098956
7237,0,-0.2238133420565676
7238,0,-0.5763238424219653
7239,1,1.3127720879842866
7240,0,-0.2559517502132616
7241,0,0.13633806867288129
7242,1,-0.8890835847137614
7243,1,-0.17185043478552497
7244,0,0.03991070815673833
7245,1,-0.1495138207239647
7246,0,0.4299631289230665
7247,0,1.260746141344885
7248,0,0.1765420249017259
7249,0,1.1860685357234517
7250,0,0.32905246282763395
7251,1,0.538077795802362
7252,1,1.068563790030436
7253,0,1.7928207161944405
7254,1,-0.5633925479808769
7255,1,-0.8996651739568529
7256,1,-0.7607184083282184
7257,1,0.6857962810684641
7258,0,-0.8084347545715774
7259,0,-0.38384399513576994
7260,1,0.7376731586912637
7261,0,0.22144402191652385
7262,1,-1.6402703081791028
7263,1,0.2404767743039275
7264,0,-0.12402541270948635
7265,1,2.503111749094425
7266,1,1.098983633887442
7267,0,-0.21980280699495414
7268,1,0.6861996228607444
7269,0,-0.6673327829904728
7270,1,-0.08701052662749018
7271,0,-0.9750566357960236
7272,0,0.324640018072199
7273,1,1.2489921277467284
7274,1,0.46857229356709734
7275,0,-1.893064270008494
7276,1,0.41411986153025704
7277,0,0.023950035761576036
7278,1,-1.8643224102894616
7279,0,0.6599915661501746
7280,1,-0.8610529281007174
7281,0,0.009076150472243026
7282,1,0.20848292659786893
7283,0,0.4470309423064944
7284,1,-0.2689664188597724
7285,0,-2.722970968275856
7286,0,0.8606699071980227
7287,1,0.34351985057942896
7288,1,-1.332263490054645
7289,0,0.6692827694010081
7290,1,-1.105285718483947
7291,1,0.37040659653115476
7292,1,-1.539942776689976
7293,0,0.9199447514786184
7294,0,0.7532727892021746
7295,1,-0.7506133176510895
7296,0,0.592650158058613
7297,0,-0.9389897677141995
7298,0,-0.30992841049478675
7299,1,-0.9751658474907171
7300,1,0.48472935542372764
7301,0,-0.06970110402971626
7302,1,-0.3865278540444744
7303,0,-0.6483119826918385
7304,0,-1.4107764132722076
7305,1,2.251947536125857
7306,0,1.0430919617690166
7307,0,-0.25633385810917997
7308,1,0.22434418815228002
7309,1,-0.987501914629181
7310,1,0.6808331184718761
7311,1,0.4509781651636245
7312,0,0.9573978261813734
7313,0,-0.6092470104054767
7314,0,-0.04372164089773862
7315,1,0.41957673660419137
7316,0,-0.5094492152809653
7317,1,1.0240792049256826
7318,1,-0.14866927398628674
7319,1,-0.44896254337572267
7320,0,-0.7397087360656313
7321,1,0.23267227593632558
7322,1,0.6341004564560245
7323,0,0.03619574495143297
7324,0,0.16122323589127002
7325,1,0.989594520410946
7326,1,-1.0418104099100105
7327,0,0.13575263374854876
7328,0,-1.021894517810442
7329,0,-0.033895879474277434
7330,0,-0.050715248412552746
7331,1,2.2743340345076803
7332,0,0.07979687916337373
7333,1,-1.0053185400801978
7334,0,-0.44013235728153693
7335,0,-1.2143720040929071
7336,1,-0.4655811228949098
7337,0,0.9914495497567395
7338,0,0.9645363886544328
7339,0,-1.4905710473729354
7340,1,-0.11375435228345479
7341,1,0.2803717502714548
7342,1,-0.35928060296962633
7343,1,1.3566368444384878
7344,0,0.6894554407985727
7345,1,-0.17553364181885034
7346,1,-0.7709815660990572
7347,1,0.11315331316501989
7348,0,-0.27192742654926255
7349,0,0.02492273728681745
7350,0,-0.47156639408577944
7351,0,-0.7747033812907081
7352,1,0.3871753331050611
7353,1,-0.26307177654110736
7354,1,-0.25659815147404996
7355,1,0.5048520186858751
7356,1,0.553508623741685
7357,0,0.06516058347056336
7358,1,0.8993241143905678
7359,1,-1.1356130252688248
7360,0,-0.8852309937034634
7361,1,1.2228840675392385
7362,0,-0.7176874156654564
7363,0,-0.10542353764453788
7364,1,0.7661900084058108
7365,1,-0.6713008510088287
7366,1,-0.45728565865593224
7367,1,0.41213749499846597
7368,1,1.465879281341359
7369,1,0.8083218990218319
7370,1,1.3796023600321938
7371,1,-0.5948948944488405
7372,1,1.7502860526198623
7373,1,1.3306246460389766
7374,1,-0.7990893902675451
7375,1,0.3942839925352395
7376,0,0.8586789684226477
7377,0,-0.6573910504423041
7378,1,0.7242119175029496
7379,1,-0.7253319651970276
7380,1,-0.4800472106306152
7381,0,-0.5615025866585343
7382,1,-0.5522307344628777
7383,0,-1.7920719337908804
7384,1,0.5220643491155739
7385,0,0.23564101843580945
7386,1,1.146327788642723
7387,0,1.404995902145518
7388,1,0.8126223231084341
7389,0,1.1104250069284307
7390,1,-1.6036519643467484
7391,1,-0.45430752727255097
7392,0,0.5457302973041745
7393,1,0.8768238026506524
7394,1,-0.3603903096018062
7395,1,0.4687968494969928
7396,0,0.8146997480696199
7397,1,-1.3048020654631851
7398,0,2.3538905318678904
7399,1,-0.8459133204772508
7400,0,1.6673736695545551
7401,0,-1.325503563036779
7402,0,-0.10745986762873959
7403,1,-0.05602438487424904
7404,0,0.13471306790211873
7405,1,-0.8624678095736289
7406,0,0.3040073639243565
7407,1,0.7138498145999068
7408,1,0.32825875944124433
7409,0,-0.23647563682538958
7410,0,-1.1992044566708369
7411,0,0.15757888123376337
7412,1,1.0018076022068303
7413,1,0.6775588559682117
7414,1,-0.5072598962119796
7415,0,-0.9683872417579037
7416,0,-0.7648611923655997
7417,0,0.4459027538873075
7418,0,-1.0190035955863659
7419,0,0.6511751393494232
7420,0,-0.011878368538328295
7421,1,-2.1067586714588353
7422,0,-1.086280060126065
7423,1,-0.5441300783501019
7424,1,0.09212609192073107
7425,0,-0.6024355283340125
7426,0,-0.9539515133965283
7427,0,0.2839878660844604
7428,0,0.6079150698061883
7429,1,0.6183610668347826
7430,0,0.5050358780371093
7431,0,0.6473953917965846
7432,1,-1.7671870644155296
7433,1,0.751849100345166
7434,0,0.4870192796910366
7435,0,2.3417212901247044
7436,0,-2.718120180079276
7437,0,0.6394267052675733
7438,0,1.42161454681212
7439,1,0.6382899064981692
7440,0,-0.20157778454083844
7441,0,0.44239482604729313
7442,0,0.18858049059911453
7443,1,0.29753694903379735
7444,1,-1.3135388478647987
7445,0,0.45213400459328634
7446,1,0.13060008951917174
7447,1,0.28768463947686934
7448,1,0.5282415388966217
7449,0,1.9370191367858904
7450,0,-1.9952918410861145
7451,0,-0.33996425550421167
7452,1,-0.06365990595591355
7453,0,0.05380538326048942
7454,0,-1.4340249449009537
7455,1,1.679555579277542
7456,0,-0.19394283322726444
7457,1,0.4388077082033019
7458,0,1.5147530994697507
7459,1,-1.0679231046568352
7460,1,-0.19653780716497748
7461,1,-0.1651643484238918
7462,0,0.031558743249666066
7463,0,0.3079404913418265
7464,1,1.495424827254008
7465,1,0.40614647008829763
7466,0,0.9850464221038245
7467,1,-1.4724339693772779
7468,0,0.13681488348251733
7469,1,-0.36432183938169166
7470,1,0.12399169961475681
7471,0,0.6043439735921524
7472,0,1.3719618019006783
7473,0,-0.4326051496750355
7474,0,-0.6960983706043766
7475,0,1.0510913457197195
7476,0,2.67109580907097
7477,1,0.5036257493905407
7478,0,-0.3846856507015671
7479,0,-1.9325743888334237
7480,0,0.7757909154870586
7481,0,-0.7506048720751733
7482,1,0.5154804125012507
7483,0,0.3699256187872381
7484,0,-2.203653179738099
7485,1,-0.6795857916527775
7486,0,-1.1684834399678123
7487,1,-0.5205777038952409
7488,0,1.1001690538898055
7489,1,0.017270767569795127
7490,0,-0.2848343781252091
7491,0,0.6506641976857758
7492,0,-2.289126864256081
7493,0,0.16969305089707362
7494,0,-0.31322142262142355
7495,1,0.5260880648593435
7496,1,0.6339732856570769
7497,1,0.37534793196579513
7498,1,-0.9340049110267982
7499,1,-0.687657081701056
7500,0,0.5323618471008806
7501,1,-0.01297423907171432
7502,1,1.176642855814268
7503,0,-0.45850510635583336
7504,1,-0.02340797716381846
7505,1,-0.08783249428713606
7506,0,1.8415875707645306
7507,0,-0.17152110516056648
7508,0,1.1238331356523772
7509,1,-0.8371809774662616
7510,1,-0.4778583012848737
7511,1,0.49270628769487956
7512,0,-2.7747012935344744
7513,0,0.3311137400452122
7514,0,-1.4950263421939256
7515,0,-0.6221386487864556
7516,0,-1.1806262390716054
7517,0,0.12340296762633406
7518,1,0.2591360376851786
7519,1,-0.4523657317682047
7520,1,-0.05325480308790365
7521,1,-0.7563996225052809
7522,1,0.4010001714216821
7523,1,2.440221803381809
7524,0,0.2417787362549196
7525,1,-0.9874353386707728
7526,1,0.29748047383940224
7527,0,0.7845770464854527
7528,1,0.45837700327185354
7529,0,-0.044692983627628906
7530,1,0.5725642406072307
7531,1,-1.6463727278750246
7532,1,0.1762669028994245
7533,0,-0.4336102954337533
7534,1,-0.5715286418427132
7535,0,0.7920704579064557
7536,1,0.9719359052826776
7537,0,0.501666188500505
7538,1,-0.1512959349465599
7539,0,-1.24722863813421
7540,0,0.517742832704286
7541,1,-1.0195214022767596
7542,1,1.1618397328341743
7543,0,0.8342291832258576
7544,1,-0.38279938467098684
7545,1,-0.5067437110157372
7546,0,-0.6061528053077062
7547,1,0.7807980242855008
7548,0,-2.3463968016122263
7549,1,0.3702621580037643
7550,1,0.05452224627992987
7551,0,-1.4321330799141319
7552,1,0.8981248551673114
7553,0,-0.6264461762419313
7554,0,-0.5566208720206397
7555,1,-1.0900045246529029
7556,0,-0.06693464345544729
7557,1,-0.5062826355941816
7558,1,0.5267606281356803
7559,0,-1.0205593896835028
7560,1,0.011364509037585279
7561,0,-0.599843975066705
7562,0,0.22721430538715656
7563,0,-0.16582923318333675
7564,1,-0.9133524909229069
7565,0,-1.0678261642582403
7566,0,2.5624058415228816
7567,0,-0.7506298440125191
7568,1,0.37171557579394354
7569,1,-0.028233608167368685
7570,1,1.4843499268059952
7571,0,-0.7170631476722152
7572,1,-1.0276261199874779
7573,0,1.195615198596833
7574,0,1.1193638083769508
7575,0,0.32722206267148546
7576,1,1.4305088119693952
7577,0,0.22394207366232294
7578,0,2.9677879129069744
7579,1,0.832249726472567
7580,1,1.4746567859774071
7581,0,-1.0495039509507798
7582,0,1.7615781550440468
7583,0,-0.19875756846660234
7584,1,-1.9527874843035378
7585,1,-1.2670839020303333
7586,1,0.1272149774765313
7587,0,-0.10476956112242132
7588,0,-0.7758567861006449
7589,0,2.925623340597427
7590,1,-0.25486417598515815
7591,1,-1.023454494291347
7592,1,0.16791473446807134
7593,0,-0.0822269793507804
7594,1,1.8654854590387964
7595,0,0.14612066360509818
7596,1,-0.16659707626078962
7597,1,0.510853169276522
7598,1,-0.6922505987468278
7599,1,-1.008703653649122
7600,0,0.2730003460712897
7601,1,2.3499152750521337
7602,1,1.1580990221269114
7603,1,-0.014193218506018311
7604,1,-0.08058026958603114
7605,0,-0.9967371922106443
7606,1,0.26053248172548354
7607,0,2.443072926035367
7608,0,-0.4525089010829916
7609,0,0.28447896529481237
7610,0,-0.1261758777500784
7611,1,-0.49085145740671327
7612,1,1.8997555814843747
7613,1,-0.8980841369129373
7614,1,-0.43404158434739654
7615,0,-1.1181588082459823
7616,1,-0.8515667965082502
7617,0,-0.6148730352622229
7618,1,0.6536306230841499
7619,0,-0.6697357653330726
7620,1,0.18760119712220472
7621,1,-2.0168989092315406
7622,1,-0.5463646604905261
7623,0,-0.2818246151508276
7624,1,1.9396306538470656
7625,1,-0.07486892612382416
7626,1,2.002082383242043
7627,0,1.271315360189632
7628,1,0.3088248685049915
7629,1,-1.0671860194829512
7630,0,-0.5999499927940373
7631,1,0.17509027166220328
7632,0,-0.20388096517009385
7633,0,-1.3386821622285145
7634,1,1.4525100082630438
7635,1,-0.2690290470933482
7636,0,-1.3886031867972444
7637,1,-1.216127505384561
7638,0,-0.19440999898920816
7639,0,0.24109924592551615
7640,1,-1.2392389288204277
7641,0,-0.43102235168577957
7642,1,1.7298946979102836
7643,1,0.1789533375991503
7644,1,0.475302655839254
7645,0,2.0393562300706463
7646,0,0.03734233497708038
7647,0,-1.115476014544175
7648,1,-1.4610642210220819
7649,0,1.1616657889225792
7650,1,-0.5257973130246398
7651,1,0.023022325081097906
7652,1,-1.6543819595514575
7653,0,0.2221465236883813
7654,1,-0.1700997842632253
7655,0,0.6757391980674078
7656,1,-0.44367497284139945
7657,0,0.18353539966986596
7658,0,-0.25486534912732167
7659,0,-0.23172033973967338
7660,0,-1.022409771916917
7661,1,-0.9361244637112731
7662,0,-0.513169692494305
7663,0,0.7510457194114509
7664,0,-0.6278194504884347
7665,0,-0.5194767355948349
7666,1,-0.42202851812597997
7667,0,-0.447351053554117
7668,1,0.8051447485646654
7669,0,-0.6464195776746503
7670,1,-0.06280945096875762
7671,0,1.942858534255293
7672,0,0.04591599683151762
7673,0,-1.4438822086125311
7674,0,0.0011158627164231695
7675,1,0.22912277180706433
7676,1,-0.9552774406715983
7677,1,-0.3769761854516517
7678,0,-1.616443097922736
7679,1,0.3869901077771808
7680,0,-0.9078356232529177
7681,0,0.8637269914599155
7682,0,-0.45535570491395105
7683,1,0.8498574277807419
7684,1,0.008422378907604227
7685,0,0.09402213260078705
7686,0,-1.2510750319956112
7687,1,-1.0685465160600602
7688,1,-0.24993925469894426
7689,1,0.9096073250679454
7690,0,-0.848333012891094
7691,0,-0.4610961690898552
7692,0,-0.6228033503880128
7693,1,0.5244439980126281
7694,0,0.2771036733601408
7695,1,0.07324576679371349
7696,1,-1.9883989779934088
7697,1,-0.9058970793757114
7698,1,0.2807339140892597
7699,1,-1.1922679580780848
7700,0,-0.4539052592568208
7701,1,-0.21859878910941535
7702,1,0.19600627978651056
7703,1,-0.32581185045109995
7704,1,-1.271071304746843
7705,0,-1.0252726550276212
7706,1,0.414558693242262
7707,1,-1.2510338428577674
7708,0,0.29509978185852714
7709,0,-0.7619266326449649
7710,1,-0.698773827791344
7711,1,1.3606912685412695
7712,1,1.2362797344056338
7713,0,-0.362193872421702
7714,0,-1.3911211596289412
7715,0,0.666876135414535
7716,1,0.3157733857701822
7717,1,0.4187364288550658
7718,0,-0.58597761497752
7719,1,0.05230853661185061
7720,0,-0.6468848963083165
7721,0,-0.15573054476027767
7722,1,-0.3398363260769344
7723,0,-1.2006521897783184
7724,0,-2.06016851653489
7725,1,0.6975197105162987
7726,0,-0.6216642291878258
7727,1,1.1482087132145062
7728,1,-0.3308406168358401
7729,0,0.18374661242704177
7730,0,0.4746117109023178
7731,0,0.25113757460808045
7732,1,-0.10653662243204949
7733,1,1.2315745020043007
7734,0,0.17500722619299391
7735,0,0.9343205660870901
7736,1,-0.8279525832615762
7737,1,-0.13855361670336325
7738,0,-0.8167455249380652
7739,0,0.6907305525903121
7740,1,0.4088328849403637
7741,0,-0.9699887104052399
7742,0,-1.1489564606299607
7743,1,1.078456333362235
7744,1,0.006492254123135616
7745,0,0.6759469063897824
7746,0,-1.1179453092030864
7747,0,2.147959724341848
7748,0,-0.09917428200728488
7749,0,0.31095485018285374
7750,0,0.43015580550903687
7751,0,0.17444363023174386
7752,1,-0.17771271220271115
7753,0,-1.4099843367713212
7754,1,-1.3212531310850557
7755,0,-0.8074276133518892
7756,1,-0.6887106122490266
7757,0,-1.2610211223020051
7758,1,0.24556108091551235
7759,1,-2.5628425220688276
7760,1,1.0593189571531594
7761,1,-0.1899916891958823
7762,1,0.44457300345722284
7763,0,-0.6970514835578637
7764,1,1.7309823985594843
7765,1,-0.7572674769687472
7766,1,-0.4436002795699038
7767,0,0.3109764419581409
7768,0,-0.003315677426456242
7769,1,0.775352859876983
7770,0,-0.9816810646294994
7771,1,-0.3036170582681768
7772,0,-0.6797609114175781
7773,0,-2.2073083872854324
7774,1,-1.9435007343393842
7775,0,0.07749244611412233
7776,1,2.0113952489808646
7777,1,-1.6411974028719667
7778,0,-0.04522498889564407
7779,1,1.3206132320806407
7780,1,-0.054659556153805
7781,1,2.4036376575152665
7782,0,0.201035408357212
7783,1,0.8564653479425786
7784,0,-1.438263021139285
7785,1,0.008896775569851047
7786,1,-0.39863176219884966
7787,1,-2.0432615912323087
7788,1,1.437916154614798
7789,1,-0.39763920323446933
7790,0,-0.8246099335325396
7791,1,0.04374630468598438
7792,1,1.4453687641481354
7793,0,0.6066457285070667
7794,1,-0.31717605185998987
7795,1,-0.4006010734578075
7796,0,-0.9627440951221895
7797,1,-0.13120968086133067
7798,0,0.07141428529208815
7799,0,-0.27120519111535524
7800,1,-2.0410233016417947
7801,1,0.39204798342777747
7802,0,1.185603562563879
7803,0,-1.945753162036215
7804,1,-1.6221932073087053
7805,0,-1.6322290776870678
7806,1,-1.7267854676111603
7807,0,1.2702526016966134
7808,0,-0.2998395667609723
7809,0,0.05151465227767906
7810,1,1.0936440876906128
7811,0,-1.2617617704632906
7812,0,0.7311143146018798
7813,0,-0.1064183987048194
7814,0,-0.38661671278517595
7815,1,1.3714579093740613
7816,1,-0.5520274280871326
7817,1,-1.015319284274064
7818,0,-0.7717668653764397
7819,1,0.47761372826952236
7820,1,1.0448050081130265
7821,0,-0.6985515498218319
7822,1,0.08189863672447394
7823,1,0.85269723227266
7824,0,0.05053533420467561
7825,0,-2.3251374407744976
7826,0,2.028890034004191
7827,0,1.5794551901210316
7828,0,0.9131106683822858
7829,1,-0.9786819749464317
7830,1,0.909395862176824
7831,1,-0.49483204275084314
7832,1,0.18469527290015944
7833,1,-1.6522068706403847
7834,0,1.9540560435268997
7835,1,0.4505323302891856
7836,1,0.016363256042930648
7837,0,0.5226579987244769
7838,0,0.42837925632696977
7839,0,0.32062551263082856
7840,0,-0.3355766153479101
7841,0,-1.1742705883770537
7842,0,0.1376761413976182
7843,1,1.0697773982375727
7844,1,-1.4024337670236537
7845,0,0.7867813846516594
7846,1,0.4143551687685974
7847,1,-0.255052360392843
7848,1,1.5777400499544951
7849,0,-0.08811096331412076
7850,1,0.30592629413845746
7851,1,-0.042698286489285454
7852,0,-1.5914476937806818
7853,0,0.7579780035886903
7854,0,-1.616750609848855
7855,1,1.904533203239508
7856,0,0.3465416236231578
7857,0,1.1156018251544135
7858,0,-0.5303932850355881
7859,1,0.9968778424944985
7860,0,-0.2636786118292396
7861,1,1.3507165235875027
7862,0,0.43778939498146136
7863,1,-1.955816119256392
7864,1,-0.6999445627548235
7865,0,0.8136721099221379
7866,1,0.7531959536492682
7867,1,-0.32334733557090944
7868,1,-0.2791186881631706
7869,0,-0.3844061397159387
7870,0,-0.15836653420147914
7871,0,-0.4714384798070289
7872,1,-1.9228571596293162
7873,1,-0.9762933283600398
7874,1,0.749810374115823
7875,1,0.628670781649527
7876,1,0.9990460411188017
7877,1,0.18226682778107187
7878,0,0.3370794649474715
7879,0,1.3305000408862147
7880,1,0.22404945482259447
7881,1,-0.3757131771617868
7882,1,0.5666517307517261
7883,1,-0.547176328764509
7884,0,2.471087211065725
7885,0,-0.14236923650071368
7886,1,0.8127737002602083
7887,1,0.6517246662852049
7888,1,0.10484551807217925
7889,1,-0.49953367978614144
7890,0,-0.01005854955204594
7891,0,-1.6232701091335864
7892,1,2.1753233503208294
7893,1,2.246517978584376
7894,0,-1.8519262719805443
7895,1,-0.42274754386185676
7896,0,0.7215019395067414
7897,0,1.184596591721959
7898,1,1.7383813840461462
7899,1,0.46755712107128383
7900,0,-2.4587624602964926
7901,1,-1.9489604500275604
7902,1,-1.5191541908206039
7903,0,2.1116165250339862
7904,1,-0.35015764579396
7905,1,-1.0282732464720592
7906,1,0.8612656826798819
7907,1,0.45873636755041525
7908,0,1.5873061513196638
7909,0,-0.5606867047556036
7910,0,-1.3862649380511942
7911,1,0.9242010882128784
7912,0,0.3791262612806682
7913,0,-0.9759172272587879
7914,1,-1.1418039608835953
7915,0,-0.24393048914978105
7916,1,0.3015047728514011
7917,1,1.8824005400642831
7918,0,-0.3447077977661852
7919,0,0.8946749106395574
7920,1,1.5593241170906498
7921,1,0.09113275101044604
7922,0,0.6192713375088599
7923,1,-1.841879435601921
7924,0,0.38110708876080046
7925,0,-0.3198176097076175
7926,0,1.1611749416634796
7927,0,-0.8986640108257969
7928,0,1.0824872818907365
7929,0,0.4374578648686067
7930,1,0.7131490884103787
7931,1,-0.5951556983848454
7932,0,-0.646041588798095
7933,0,0.5444408703127431
7934,0,-0.7872614613552458
7935,0,2.4459207077716583
7936,0,-2.347836015327377
7937,0,0.7644245437256537
7938,1,-2.0439097308625658
7939,0,-2.06001755239063
7940,0,-1.448158514818135
7941,1,0.061502010197577825
7942,1,0.33850298270206325
7943,0,1.4505576128972495
7944,0,1.0663317020260479
7945,0,0.5028897734250308
7946,0,1.0087840164223838
7947,1,-1.012178767732293
7948,0,0.8841707076940714
7949,0,0.030802383875788875
7950,0,-1.0677998133466007
7951,1,-1.5973258545292666
7952,0,0.3248498283085103
7953,1,0.43534023303452024
7954,0,-0.944318232443742
7955,1,1.1303072953188031
7956,0,1.54024533693123
7957,1,-0.6312191422612415
7958,0,0.24499289508156638
7959,0,-0.8824525972253933
7960,1,-0.048212550750494326
7961,1,1.9261432150173483
7962,0,-0.7405324652234142
7963,0,-0.4106140463992692
7964,0,0.44606492047655233
7965,1,0.8431225194932858
7966,0,-0.8193823259606747
7967,0,-0.317322483609515
7968,0,0.18667041340457893
7969,1,-0.18407272826839097
7970,0,0.038453113010737026
7971,1,-2.140217227719043
7972,1,2.2758212919832475
7973,1,0.1354114045960472
7974,1,-0.2133647944085515
7975,1,0.9541326786115396
7976,0,0.09814166210584953
7977,1,0.5193440158787961
7978,0,0.3207945817157634
7979,0,-0.794580325844527
7980,0,0.6921086953105261
7981,1,-1.587142389789984
7982,0,0.43534699356878304
7983,1,1.7063631103546955
7984,1,0.8133403227468777
7985,1,-2.176805788156716
7986,0,1.6544778848647204
7987,1,-1.5350860306249516
7988,1,-0.5504698310720518
7989,1,-1.2199703581421424
7990,0,1.9848023183064716
7991,0,-0.7022740000801236
7992,1,0.9972429693440686
7993,0,-1.5313204487266074
7994,0,1.0966526282505973
7995,0,-0.16420172043717932
7996,0,0.7958455377748639
7997,1,-0.40834692625673313
7998,1,0.5136309239226854
7999,0,0.12445439609156392
8000,0,-0.7798531722780732
8001,1,0.2561104791948671
8002,0,0.14702525789264598
8003,1,0.33302410139576816
8004,1,-0.27530017102458254
8005,0,0.09222835097820846
8006,1,-0.6922176719889541
8007,1,-0.21413923547781868
8008,0,-0.5212836614173023
8009,1,0.13073462424169205
8010,0,0.21985032555362852
8011,1,1.2337062202204365
8012,1,0.39734978282395705
8013,1,-0.7194264171759642
8014,1,-0.044774411133808645
8015,1,-0.7672452398318241
8016,1,-0.6034235512815267
8017,0,-0.3042793586889917
8018,0,-0.9472385893142891
8019,1,0.39088919409782785
8020,0,1.8153471340789686
8021,1,-0.6771198506044774
8022,0,0.029385170559505326
8023,0,0.11171052492770804
8024,1,-0.18257119972113967
8025,1,1.1185046416355504
8026,1,-0.2982974449531795
8027,0,-1.096275418447256
8028,0,0.8078234943147923
8029,1,1.2275601328604293
8030,0,0.3081751143622205
8031,0,2.3039858276647722
8032,1,0.8819227024282467
8033,1,-0.3190317249985578
8034,0,1.1399590120037983
8035,1,0.2701200924396224
8036,0,-0.07614366381628758
8037,0,-0.6464345081935723
8038,0,0.21910584621189677
8039,0,-0.17719205379995942
8040,1,0.7711259267761899
8041,0,-2.2196540691721878
8042,1,-0.2414721474684829
8043,1,-2.1218636919309897
8044,0,-0.5229814919501004
8045,0,-1.0409752581202136
8046,0,-0.4043885001325789
8047,0,-0.7891017624494838
8048,1,0.210887479790784
8049,1,-0.7754841886623974
8050,0,0.06139719934291772
8051,0,-0.13269415351265773
8052,1,-1.0158355631544098
8053,1,1.3209990948128607
8054,1,0.8417503594056627
8055,0,1.239201504521443
8056,0,-0.6278457067360423
8057,1,0.7328543160391081
8058,0,-0.13151206292381482
8059,0,-0.8217359064206636
8060,0,1.4302333998480563
8061,0,0.21581265820400625
8062,1,-0.8019575319344544
8063,1,0.4810661369783053
8064,0,-1.0704407659923194
8065,1,-0.5707590508931099
8066,1,-0.14393601049925875
8067,1,0.7449935249152934
8068,1,-0.9784436375080295
8069,1,-0.16389148747549534
8070,1,-0.4048500512068514
8071,0,-0.9881845091340248
8072,1,-0.7129615273798818
8073,1,-1.0949411531551108
8074,1,-1.64347784367089
8075,1,0.0449692104360012
8076,0,0.13078677527001983
8077,0,-0.46727971023268267
8078,0,0.4521704049643098
8079,1,-1.6577473789343034
8080,1,1.4341567082635402
8081,0,-0.45397077180142914
8082,0,1.3454304874942085
8083,0,-0.5064802971133808
8084,1,0.8242138613815627
8085,0,-0.15699705633290997
8086,0,-0.015896969102014925
8087,0,0.18117766361007498
8088,1,-1.9807144723144032
8089,1,0.7339646925570328
8090,0,-0.36364930430673365
8091,1,0.5328925218927882
8092,0,0.2661139072112054
8093,1,0.7793473365661923
8094,1,-0.8603644815637185
8095,1,1.4489536545552713
8096,0,-0.44724147145046445
8097,0,-0.4945322402128499
8098,1,0.7527644165036192
8099,0,-0.9811525291307569
8100,1,2.576168808758428
8101,1,1.3262997165768144
8102,0,1.6238355802918805
8103,0,-0.37209976770266484
8104,0,0.17951052092690561
8105,1,-0.7425839657823936
8106,1,0.2755562717165372
8107,0,-0.21119431336816769
8108,0,2.190547888583775
8109,1,-0.49368238619494814
8110,1,0.6577081329779485
8111,1,0.5136840247348481
8112,0,0.8485241729053652
8113,1,-0.1485494925672956
8114,1,1.3154555880591075
8115,0,1.1900397336627486
8116,1,-0.5022596738648026
8117,1,-0.24758786435178248
8118,0,-1.2511015829370264
8119,0,-1.4113187020864542
8120,1,-2.190681860420542
8121,0,1.8186911595456816
8122,0,0.7875223206530912
8123,1,-1.2343255567827027
8124,0,-0.28690098020153254
8125,0,0.18123884217580752
8126,1,0.47230058133984315
8127,1,0.22424024297360712
8128,1,-0.7193951233180707
8129,0,-1.5509982941799056
8130,1,0.35649694820446454
8131,1,0.24826977379169152
8132,0,-2.4149340313754837
8133,0,-2.6648490354258043
8134,1,-2.2854871875676266
8135,1,-0.17270367004661114
8136,0,-0.1412700835192352
8137,0,0.8181513361264371
8138,0,0.6649733966522383
8139,1,-0.45467231517766155
8140,0,0.6601377342042377
8141,0,1.6330319296413969
8142,1,0.09070511833966827
8143,1,0.0589894131005695
8144,0,-0.0800987597187578
8145,1,-0.641302219747605
8146,0,-2.1872854866915494
8147,0,0.828757026077408
8148,0,-0.7772567141233223
8149,1,1.540979849544313
8150,0,1.0026084032179126
8151,1,-0.06562380937052908
8152,0,0.07865004600182562
8153,0,-1.41591153640014
8154,1,-1.283489275231604
8155,1,-0.283564676843002
8156,0,-0.8503637955811325
8157,1,0.1318261143226649
8158,1,0.023339501102094824
8159,0,0.4134424448663387
8160,0,0.23174922939528986
8161,1,-0.851118130095803
8162,0,-1.2384688493424383
8163,0,-0.36333959904519975
8164,0,-0.6879784195014136
8165,1,0.18667877741200872
8166,0,1.4401669084204274
8167,0,0.23771169160158978
8168,1,-0.438660484513426
8169,1,-1.3201000797949092
8170,0,0.11025075314980022
8171,1,-1.9966388279002603
8172,1,0.021999664068049537
8173,1,-0.258307650156523
8174,1,1.0927632044117772
8175,1,-1.2226590123576255
8176,0,-1.3146596906149022
8177,1,0.08551741094633997
8178,1,-0.7654210629160543
8179,1,0.6844799682176204
8180,1,0.4105182301255329
8181,0,2.296936115946288
8182,0,-0.13691385091100494
8183,1,-0.0932778121116558
8184,0,-1.2413554206333883
8185,0,-0.5559967845576861
8186,0,0.7490480510033972
8187,0,-1.8444279252281321
8188,0,-0.7194925864860507
8189,1,0.08949022610181866
8190,0,-1.0639561124971861
8191,1,-0.22204203158049965
8192,1,1.3167746538010476
8193,1,0.4563755974792812
8194,0,-2.308704859754432
8195,0,-1.6391382905922036
8196,0,-0.14147761082151328
8197,1,0.035991355234573294
8198,0,1.1515413794937273
8199,1,0.3563011117115864
8200,1,0.9409748037675464
8201,0,1.074667845820692
8202,0,0.08791475969758603
8203,0,0.4715818390564521
8204,0,1.9960069161375213
8205,0,1.144495822735416
8206,1,-0.9117701071502806
8207,1,0.03669102622068562
8208,1,-0.46508465760233725
8209,1,1.1433441421349022
8210,1,-0.24958551569827345
8211,1,-0.6330500152997274
8212,0,1.545842773084986
8213,1,1.3496198489411448
8214,0,-0.6256625322749138
8215,0,-0.03840808347127487
8216,0,-0.15539608982353773
8217,1,-1.8202479547185602
8218,1,0.8756998525803049
8219,1,-0.8225259256092483
8220,0,0.2001925085517082
8221,1,-0.10553038590174156
8222,1,-0.4928775157245625
8223,0,-0.9596636874204996
8224,1,-0.5667980144540851
8225,0,1.1037064946431119
8226,0,-0.8818206614697904
8227,1,1.6777516665457792
8228,1,-0.26508451586632276
8229,1,-0.07153936016549398
8230,1,-0.4000990106391941
8231,1,0.29702812483680535
8232,1,1.2374171262823015
8233,0,-0.21939985750490823
8234,0,-0.3118724273691955
8235,1,-0.3947953417309724
8236,0,1.0772034318506891
8237,1,-0.41984175690506886
8238,1,1.920770963437817
8239,0,0.6357606527292735
8240,1,0.4278742171905834
8241,1,0.3476542119242632
8242,1,-1.533954884626287
8243,0,0.25003024703469656
8244,1,0.3779613467495915
8245,1,0.014414319717762952
8246,0,0.07107553969384606
8247,0,0.004000934224314096
8248,0,1.523567631340192
8249,0,0.6380555639108142
8250,0,0.7970931066280771
8251,1,1.0337477013755316
8252,0,1.723817834289702
8253,1,1.912580898046128
8254,1,-1.6373510002846319
8255,0,0.07432423108435618
8256,1,0.3913186328120629
8257,1,2.4160851359338786
8258,0,0.3032205706211622
8259,0,-0.9400726243093533
8260,1,-1.6634782446775591
8261,0,-0.2337061267543346
8262,1,0.20842437856298632
8263,1,-1.3783398336546873
8264,1,-0.8626260256726022
8265,0,-0.16134696362889642
8266,1,0.5014706415141518
8267,1,-0.04850592529813659
8268,0,-0.2495676754222369
8269,1,0.1179417899304816
8270,1,0.29265801229871424
8271,0,0.6250437816479056
8272,0,-1.0387266665359922
8273,0,0.02712949991503612
8274,1,0.47595603772238343
8275,0,-0.045970796867634715
8276,1,0.8244057307577725
8277,1,1.2794096021854913
8278,0,3.3411656578373847
8279,1,0.2041740309785017
8280,1,1.2359772085330603
8281,0,0.7750965243725069
8282,1,-0.8062805547759875
8283,1,1.7798774680065095
8284,1,-0.5274232497888557
8285,0,-0.2576913048165054
8286,1,-0.9844978764167187
8287,1,0.2970801536009609
8288,1,-0.8961156403056071
8289,0,-1.6225223232576655
8290,1,1.2976334060060317
8291,0,0.3755201216179212
8292,0,-0.7508722904227102
8293,0,-1.878545647066671
8294,0,-0.2149480581007794
8295,1,1.621663982395674
8296,1,1.1789928875519622
8297,0,0.06912749693463836
8298,1,-1.5690682974665733
8299,1,0.019288157639690454
8300,1,-0.17986592336921342
8301,1,0.15164669673951095
8302,0,-0.9398687182565552
8303,0,0.16025708984918938
8304,1,-0.8920768346178637
8305,1,-1.3700795850662484
8306,1,-0.7625305870563374
8307,0,-1.6223537490658237
8308,0,-1.7878005227637526
8309,1,-0.7840424372485523
8310,1,-0.07169701268774618
8311,1,-0.4791598360110999
8312,1,-0.6205811458327485
8313,1,-0.48917333232045607
8314,1,0.8078318336436006
8315,0,0.49523712801539105
8316,0,0.26772991080598996
8317,1,0.1198152548948731
8318,1,1.1443986090079938
8319,1,-0.9666887694783313
8320,0,0.7957077531753368
8321,0,-0.3674266662409694
8322,1,1.067573165959552
8323,0,1.951186789231056
8324,1,1.7824127611891603
8325,1,2.203228218826486
8326,1,-1.2579750163022998
8327,0,1.1734796120003514
8328,0,0.19928723558070982
8329,1,0.19592625067541886
8330,0,-1.7787873326887005
8331,0,-0.12271902737489564
8332,1,-0.7719886145309168
8333,0,-1.2106475751255372
8334,0,1.986023259012441
8335,1,-0.15769223767768062
8336,0,-1.0551635114170017
8337,1,-0.17314141487889104
8338,1,1.1163345738819845
8339,0,-2.1260638740113436
8340,1,0.336600276140421
8341,1,0.3149549931634321
8342,1,-0.37711056517405284
8343,0,1.4182264894506154
8344,0,2.269699899617077
8345,0,-0.7866037775931687
8346,0,0.488737398067973
8347,0,-0.1516518079504425
8348,1,1.8899380535355272
8349,1,-1.5444582022102604
8350,1,-0.9614704756045779
8351,0,0.4687069600961525
8352,1,0.3225962015307201
8353,0,0.2353302585531483
8354,0,1.3491759025550845
8355,0,-0.24461963107644016
8356,0,0.22900119724942544
8357,1,1.3661747460904663
8358,1,0.3706169013374175
8359,1,0.3479228850050572
8360,0,-1.4344197358859363
8361,1,1.5745432915643094
8362,1,1.9197212139419602
8363,1,-0.8428679684992773
8364,0,0.18249136184949089
8365,1,0.4167459134509442
8366,1,0.34814918125503136
8367,0,0.918544100774025
8368,1,-0.7772225181283177
8369,0,0.62184870248278
8370,0,-0.5996953691270264
8371,1,0.8251464503932935
8372,1,-0.1833683601158037
8373,1,-1.0427367321920833
8374,1,-1.5797474374915024
8375,1,-2.373120329583345
8376,1,1.8201296045592656
8377,0,-1.8596314233614164
8378,1,-0.37160625457094304
8379,1,0.9757171468052159
8380,0,-0.5385263868251846
8381,0,-1.6582533974308438
8382,1,-0.4895518197058692
8383,1,0.6865572934099096
8384,0,0.6942322989123948
8385,0,1.6109331735505765
8386,0,0.61283627357381
8387,0,1.3555458091954304
8388,0,-0.516085512659912
8389,0,0.6454124931635237
8390,1,0.9912011388101044
8391,0,0.030548471191131986
8392,1,-0.11013707569352622
8393,1,-0.2418789685533489
8394,0,-0.496109812399974
8395,1,0.10917378677443802
8396,0,-0.7474104968604233
8397,0,-0.6379655482369893
8398,1,0.7691305030549077
8399,1,0.2865828310918728
8400,1,-0.537830169204288
8401,1,-0.30976782653407336
8402,0,0.03518196470768308
8403,0,0.32839951063447415
8404,1,0.03547026749947841
8405,1,0.3987354991851639
8406,0,2.5444439118460895
8407,0,-0.38748866195140136
8408,0,0.42501518411915773
8409,0,0.036189994308458165
8410,1,-1.0037155963867457
8411,1,0.04435220869754053
8412,0,0.18569914330301077
8413,0,1.1136694480839893
8414,0,0.8793337217919499
8415,0,0.6883201500617052
8416,0,1.3596780472981624
8417,1,-0.7359696122596666
8418,1,-0.46884389170780627
8419,1,-0.4574000128211844
8420,0,1.0184385311002313
8421,0,0.7679011032621283
8422,1,0.4007567914193343
8423,1,1.8171327069152035
8424,0,0.5990931854662166
8425,1,-0.2809902104433485
8426,1,-0.4314522399789429
8427,1,-0.3555330819961031
8428,1,-0.503903474560634
8429,0,-1.4204128381769765
8430,0,-1.192137024843477
8431,1,1.2990829746592911
8432,0,-0.6741171526368689
8433,0,-1.545122402562659
8434,0,-1.5839600011158277
8435,1,-0.5871781264777437
8436,0,1.2348194451474157
8437,1,1.0299434864762411
8438,1,-0.05970788705964096
8439,1,-0.5059672661080152
8440,1,1.0217828017885953
8441,0,-1.8338694849084662
8442,0,0.08735616876577182
8443,0,-0.20891579461201018
8444,1,0.22126777564003489
8445,1,1.3371830531710176
8446,1,0.907490262444743
8447,1,1.410276089127018
8448,0,-0.5903168194614976
8449,0,-0.4889205574908593
8450,0,-0.6201753032544572
8451,0,-0.667959894364082
8452,1,-1.3882385305849245
8453,1,-0.8947585719417182
8454,0,-1.3003835066432763
8455,0,1.2180191212072107
8456,1,1.903337047964111
8457,1,0.1622183042565286
8458,0,-1.4685335586651156
8459,0,0.1609053682953753
8460,0,-2.530951145652476
8461,0,-0.667105291225703
8462,1,1.5158811236345335
8463,0,-1.8305886818281882
8464,1,0.9683899851444635
8465,0,-0.3443853813982152
8466,0,-0.6460363885115301
8467,0,-0.9688630198523375
8468,0,0.9790424687937054
8469,0,0.397548061408544
8470,0,-1.7007637472692796
8471,1,1.6830344172399936
8472,0,-0.9850039081080348
8473,0,0.5073951890075667
8474,1,-2.3112288264283043
8475,0,0.6254244032343528
8476,1,0.17320296118099748
8477,0,-0.19919606077821436
8478,0,0.193041850355792
8479,1,-0.017609148464338364
8480,1,-1.399133437062498
8481,0,0.2135338596409109
8482,1,0.19470113024450117
8483,1,0.8036214779927382
8484,0,1.4343138734609844
8485,1,0.9851018796240409
8486,0,-1.2100204134306063
8487,0,0.9403529879965359
8488,1,1.708434028666084
8489,1,1.923477225591066
8490,1,1.0991501521177107
8491,0,-0.33709694525635125
8492,0,-0.043705782886927155
8493,1,-0.17562702877245637
8494,1,0.6932384655637647
8495,0,0.7640793102083402
8496,1,-0.13351661428583994
8497,0,0.21380250399557768
8498,1,2.467188519459932
8499,0,-0.5584616460931601
8500,1,-1.731320417379001
8501,1,1.0426210929612545
8502,0,-0.1453434272035093
8503,0,-0.338279161306417
8504,0,1.2212010316164368
8505,1,-0.02207413746647326
8506,0,1.20313507022762
8507,1,-0.9933864390342276
8508,0,-0.18414082019862188
8509,0,0.8681459399572632
8510,0,-0.14278865970923119
8511,1,-1.243918075660912
8512,1,0.9492257154584465
8513,0,0.18199254070488582
8514,0,1.3654664066074629
8515,1,-0.18955954478484283
8516,1,-0.6082588495664578
8517,0,0.4874701008217464
8518,1,0.4567649601568556
8519,1,1.0956748909579221
8520,0,0.6626041868177185
8521,0,2.0587226246559536
8522,0,-0.045400286510109376
8523,1,-1.4973188470766217
8524,0,-0.5602704365679092
8525,0,0.11074628763562717
8526,0,-0.4889534561089766
8527,1,-0.09331066092455878
8528,1,-0.12086211092859792
8529,0,0.9326647328745713
8530,0,-0.8445958578357011
8531,1,-0.5706894949318579
8532,0,-0.02330104834856335
8533,1,-0.6942936911887939
8534,0,0.2761687461453765
8535,1,0.01234057104220786
8536,1,0.7247550698783719
8537,0,0.9457718501445352
8538,0,0.4674488228249589
8539,0,-0.405105363969061
8540,0,-2.3400885936541447
8541,0,1.197243047290221
8542,0,0.0135127064265652
8543,1,0.9464145642878791
8544,0,0.3776271836672305
8545,1,-0.07805494939809088
8546,0,1.9280631729405961
8547,1,-0.4406654070867635
8548,0,-1.5701567827761191
8549,0,-2.0049272156929523
8550,1,-0.28049050706889317
8551,1,1.1669401510140887
8552,1,-1.7203443525059918
8553,0,1.0180263487415369
8554,0,-1.5719235480068576
8555,1,0.03445884862087892
8556,1,-0.30825319953376745
8557,1,-0.6524844635222119
8558,1,-0.2189052313868629
8559,0,-0.36362440015157116
8560,0,-0.5048093561586262
8561,1,0.02109000354487077
8562,1,0.8739463372634313
8563,0,-0.5446277949760692
8564,1,0.6024809458902448
8565,0,-0.4365883768643356
8566,0,0.4844535684530022
8567,0,0.8868459519808493
8568,1,-1.0772106216443937
8569,1,-0.056810545778099596
8570,1,-1.0741767977074534
8571,1,-0.743593732291878
8572,1,-0.22702007977188088
8573,1,-1.0745027872898472
8574,0,0.4412997505730838
8575,1,0.980899040033372
8576,1,-0.3122642938446109
8577,1,1.3908976848074734
8578,0,1.3978459136545407
8579,1,0.7421005280513507
8580,0,-1.7068372763649469
8581,1,0.312960971124541
8582,1,-1.085702027552935
8583,0,-2.2774450472359047
8584,1,0.6174817618554793
8585,0,0.878495967882295
8586,1,1.6675785452942162
8587,1,-0.015066575367837608
8588,0,-1.1696975500634628
8589,1,-0.45831221367745206
8590,1,0.6400676799007355
8591,0,0.34467068860913336
8592,1,-0.5328891772254218
8593,1,-1.2635015265824068
8594,1,0.38778234695895886
8595,1,-0.19124699948300783
8596,0,0.10927546421593633
8597,1,0.8706233430630878
8598,0,-0.21563530573268616
8599,1,1.3735526136130651
8600,0,-0.4026029149532261
8601,0,-0.035083606070321134
8602,1,-0.12896855283553685
8603,0,0.26228804400851063
8604,0,-0.6781814055781865
8605,1,-0.040148860422866896
8606,1,0.32371459172025213
8607,0,0.5291264490539941
8608,0,-0.7474902502472338
8609,0,0.5400033320295737
8610,1,1.6633957842010727
8611,0,0.5200914197695047
8612,1,-1.1418860053626279
8613,0,1.6995675574769609
8614,1,0.5966856041883627
8615,0,0.9535682721430486
8616,1,-0.702453069352364
8617,0,-0.1220609070566222
8618,1,2.4236537395126168
8619,1,-2.1946152999103785
8620,0,1.3968571844460056
8621,0,0.8005243348961544
8622,1,1.807220151057447
8623,1,-1.0534152091605102
8624,1,1.4607617187450719
8625,0,-0.5606578946600154
8626,0,1.580389949079288
8627,0,2.0447529757521723
8628,1,-0.25029570126003303
8629,0,-0.2450250398348578
8630,0,-1.1545876104377695
8631,1,-0.128228464293
8632,1,0.080942532780169
8633,1,0.6380088878508356
8634,1,0.49125951730214
8635,1,-0.21681014497250578
8636,1,0.08530856743636257
8637,1,1.2024413797638567
8638,1,-0.4049105167231006
8639,0,0.14323724759331888
8640,0,1.4352220803808347
8641,1,0.37555043577113245
8642,1,-1.1321054114326663
8643,0,-0.584759244547088
8644,1,-0.09172106020422154
8645,1,-0.8810180316480554
8646,1,0.3306319750850368
8647,1,0.1325507163751203
8648,1,0.190652136071283
8649,0,0.010005526055621489
8650,1,-1.9477212042603944
8651,0,0.7034847763794404
8652,1,-0.609391729925202
8653,1,-1.2907571548539183
8654,1,-1.0493499989496633
8655,0,-0.5429229299354386
8656,0,0.07239099714524375
8657,0,0.3175525677263499
8658,0,0.3009925875771791
8659,0,-1.1618637689700178
8660,1,0.1544911621918063
8661,1,-0.1528594223631183
8662,1,-1.0736841914917938
8663,1,-1.1325937020738446
8664,0,1.084201614035673
8665,1,-0.474472092255095
8666,1,0.25313360831601717
8667,0,-2.7098415451409323
8668,1,-1.2428785804094455
8669,0,0.24900117050646875
8670,1,-0.4001062999663209
8671,1,-0.9457333755503078
8672,1,-0.4824094297784162
8673,1,-1.3328845969883987
8674,1,-0.9812694484107303
8675,1,0.6356007305319976
8676,1,-0.14867158837425926
8677,1,-1.4052263441697415
8678,1,-1.5245335390336638
8679,1,-1.061057467758003
8680,0,0.3794663617502841
8681,0,0.2828013787088877
8682,0,1.3188486320952495
8683,1,-2.158675518005778
8684,1,-2.6696881438181523
8685,1,0.06996617099345792
8686,0,0.14464644878395488
8687,0,-0.200891651464865
8688,1,-0.0868182829673566
8689,1,-1.0723848315509135
8690,0,0.9911864873506395
8691,0,1.69326384478794
8692,1,0.3113077193275991
8693,0,-0.7075384970312855
8694,1,-0.7250954725169565
8695,1,-0.6913596753943231
8696,0,3.1015129104899772
8697,1,0.5033011287525099
8698,0,-0.7355357485126857
8699,0,1.2917267281340201
8700,0,0.20821233230548714
8701,0,-0.7213524511431529
8702,1,-1.1154398132216685
8703,0,-0.28713056344353965
8704,1,-0.21810623612642638
8705,1,0.8372664667380868
8706,1,-0.4184447412811126
8707,0,-0.5837610614728276
8708,0,0.14771609581022452
8709,0,-0.02231565957061131
8710,0,-1.215995785930271
8711,0,0.8471878013807875
8712,1,-0.09391986329018161
8713,1,-0.6918305738344224
8714,0,0.05739661213751744
8715,0,0.5182021867322844
8716,1,1.1925591681419767
8717,0,1.7465413852748382
8718,1,-0.4038067839464019
8719,0,-0.14849925937674796
8720,0,0.005923918772419146
8721,0,-0.5225478284702362
8722,0,-0.8316187698046108
8723,1,-0.024577111048126973
8724,1,-0.7989188177856098
8725,0,0.06050676476499489
8726,0,0.11724311218687154
8727,1,-0.39501867029205984
8728,0,1.7403822807429221
8729,0,2.089161399611242
8730,1,-0.8583617606082627
8731,1,-0.481499968840694
8732,0,0.39267771240704796
8733,0,-0.49654775137910645
8734,1,-0.06784053697648595
8735,1,0.3424287746487284
8736,1,0.9107346273973317
8737,1,1.001674140781871
8738,0,0.22139983711904557
8739,1,0.044341083662851506
8740,1,0.35776837411268897
8741,0,1.3223541275889128
8742,1,-0.16287198916160026
8743,1,0.6060994450265408
8744,1,-0.3296166844079086
8745,0,0.28195517849277796
8746,1,-0.003243230439212909
8747,0,0.491944295001256
8748,1,-0.0239119258507581
8749,1,1.381644400139085
8750,0,-0.029727228297633797
8751,0,-1.500010527132842
8752,0,0.7381514878185849
8753,1,0.4752226329104197
8754,1,-0.9557618674663246
8755,0,0.8307157913352894
8756,0,-0.6816735659802834
8757,1,-2.8357340029248275
8758,0,0.7334038027136215
8759,0,-1.9577444366566417
8760,1,-1.1116806777513935
8761,1,-0.08369714772323711
8762,0,-0.5226040942698272
8763,1,0.077447315077874
8764,1,-0.8298556223337735
8765,1,0.3566628602833811
8766,0,-0.8889031086509976
8767,0,1.4562680092342488
8768,1,-0.3394404275710998
8769,1,1.6027183184563134
8770,1,0.4391403941150396
8771,0,1.2298948049107803
8772,0,-1.464617612517587
8773,0,0.06040127053977746
8774,1,-0.7768543239581996
8775,0,1.7897692110277275
8776,0,-1.2160186262842039
8777,1,0.11581089933916745
8778,1,1.2309252578665058
8779,1,1.105552046516164
8780,0,0.4113257474555019
8781,1,0.8249572761404286
8782,1,0.44215048925770095
8783,0,-0.45775978816497204
8784,0,-2.0625264197424356
8785,0,-0.20743527782785542
8786,0,1.2149843043665502
8787,0,-0.1572807935699234
8788,1,1.6390874442506653
8789,1,0.9144488587448208
8790,1,-1.9454339218995824
8791,1,0.4863796342958042
8792,0,-0.28443732156722973
8793,0,-2.0768321669536918
8794,0,-0.44902604822230074
8795,0,-0.6465160631439067
8796,1,0.6112368748901637
8797,1,-0.45287052410149786
8798,0,-0.6646109567682797
8799,1,0.16825075557271035
8800,0,0.9115057191564099
8801,0,1.1510672294019872
8802,0,1.2182840747042554
8803,0,-1.3303813663605246
8804,0,1.4670657101172822
8805,1,0.5325569550255422
8806,1,-0.3472331052663563
8807,1,-0.7269397779291089
8808,1,-1.748321067736716
8809,0,-0.36893538051879543
8810,0,-0.22575449354868563
8811,1,-0.39520625430406964
8812,0,0.025246727069606782
8813,1,0.5535093075510019
8814,0,0.9748252197839969
8815,0,-2.1753460895260557
8816,1,-0.6079346845128522
8817,1,1.509495927608292
8818,1,-0.24808394917750623
8819,1,0.3006194895189449
8820,0,-0.029217640887178917
8821,1,1.012815397200117
8822,1,1.4876872684426024
8823,0,-0.5735083496836125
8824,0,-0.4164975817148735
8825,1,-0.8285627985789176
8826,1,-1.08439342217842
8827,0,-0.2723527632919893
8828,0,0.014652155694413074
8829,1,1.552869391442886
8830,1,-0.8405950025636397
8831,1,-0.06354745179144429
8832,1,1.033604290881126
8833,0,1.2699951077485259
8834,0,-0.10780217184628131
8835,1,-1.017130568829021
8836,0,-0.1524126002544243
8837,0,1.5735342926246838
8838,0,-0.5826638458525616
8839,1,0.14351935335613994
8840,1,-0.8224063748800521
8841,0,-0.5513255410015017
8842,1,1.0899650148957734
8843,0,-1.3004057510547553
8844,0,2.0781723939546204
8845,0,-0.6827881486093422
8846,1,-0.1562351015183087
8847,1,1.0057544954235877
8848,0,1.6490945243845092
8849,0,0.6523137771921267
8850,0,-1.2369884578662835
8851,1,0.8741992663204432
8852,1,-1.3367294175475832
8853,1,-0.04170796416645703
8854,1,-1.4264709737757197
8855,0,0.5308510101501079
8856,1,-1.0413622015984103
8857,0,-0.13574566187822606
8858,0,-0.17807473971447674
8859,1,0.7689460856735287
8860,1,0.8073591263489297
8861,1,1.268563237343594
8862,1,-0.6675017208673307
8863,1,-0.7648922031593692
8864,1,-0.3599531742444355
8865,0,-1.6463343020976884
8866,0,0.32408055276253145
8867,0,-0.7981961342246179
8868,1,-0.32419533421224594
8869,1,1.701230902528622
8870,0,-0.00858818670265284
8871,1,-1.3726785509130315
8872,1,-0.4438242294139376
8873,0,1.9107552675091075
8874,1,-0.31636210648719326
8875,0,1.2171295338651142
8876,1,-0.878758269988023
8877,0,-0.8225985894378975
8878,0,1.024760543509253
8879,1,0.2179127680605367
8880,0,0.7574334398501481
8881,0,0.15106849533675099
8882,1,1.2026022008096533
8883,0,2.0795750617035136
8884,0,-0.12134784237895942
8885,1,0.13891355847336997
8886,1,-0.24825006281590914
8887,1,-1.9074743838640724
8888,1,-0.008584993108269632
8889,0,-0.9041602637987314
8890,1,0.29725841006909737
8891,1,-0.9451991473690005
8892,0,0.9047949539953667
8893,0,0.012439035645979988
8894,1,-1.1275319655404987
8895,0,0.001252875891774438
8896,0,0.38488086553824574
8897,0,1.5286326103439827
8898,1,0.8113366757485176
8899,1,-0.02581518406845302
8900,1,-0.7586555016410942
8901,1,-0.8639864314398125
8902,1,-2.338307910656368
8903,1,-0.7145981404012822
8904,0,0.38341731681998026
8905,0,-0.2620249909826856
8906,1,0.6857812108977828
8907,0,0.14371888016441686
8908,1,0.1799172459223121
8909,0,-0.4084983213626881
8910,1,1.4918286807955254
8911,1,0.9052490401220543
8912,1,-0.29601150854392305
8913,0,-0.8083214173614127
8914,0,-0.5924641342010285
8915,0,1.9144421058121515
8916,0,-1.0724993136856564
8917,0,0.12999806486384674
8918,0,0.8085091893150456
8919,1,-0.5654053555647444
8920,1,-0.11761626776738972
8921,1,-0.6040985280263115
8922,1,0.28214996077767734
8923,0,-0.8154877120881052
8924,1,-1.4298097323184316
8925,1,-0.650398311531663
8926,1,0.9311064209915901
8927,1,1.3061198152450573
8928,0,2.0299175816293227
8929,1,-1.8985622811355771
8930,0,0.5948382618443516
8931,0,-0.4297653518960701
8932,0,-0.5423302056571209
8933,0,-0.7808010257233466
8934,0,0.3318536295784232
8935,1,-0.2551184414309006
8936,0,-1.2966716051545382
8937,0,-0.9521309329701718
8938,1,0.4115883372138109
8939,0,-1.6026767795391168
8940,0,0.709656095087176
8941,1,-1.6302186061421946
8942,1,-0.7673232007404189
8943,1,-0.5302231158079669
8944,0,0.7881020317667631
8945,1,1.6576435926541837
8946,1,0.3913298731217009
8947,0,-0.9649172539368145
8948,1,-1.290907087455749
8949,1,-0.47587239345065463
8950,1,0.5122041599373698
8951,1,0.06443222148003754
8952,0,-1.0018954796862756
8953,1,-1.5516631580724516
8954,0,0.5607596187857115
8955,0,0.048361339894500956
8956,1,0.8974182143666006
8957,0,-0.5167215871215144
8958,0,-1.4977820189281534
8959,1,-1.6543651318260033
8960,0,-0.9404565667555254
8961,0,0.45888147158792775
8962,1,0.4256556001728131
8963,0,-2.479506015860966
8964,0,0.023137089016212527
8965,1,-0.601879525417469
8966,1,0.5822048922757007
8967,0,-0.32109866810028365
8968,0,-1.9419308051388753
8969,0,0.04076774813862177
8970,1,1.906197232391268
8971,0,-0.21518965514108035
8972,0,-1.168134775766253
8973,1,-0.6001291984149678
8974,0,0.6362362691653146
8975,0,0.7297120901169506
8976,1,0.43829521412697947
8977,1,1.3393071120719384
8978,0,-0.9164205175274126
8979,1,-0.5368283444800706
8980,0,-1.4192126909669514
8981,0,0.448899087718012
8982,1,-0.3573077282250014
8983,1,0.47272838511272747
8984,0,0.31165441681637696
8985,1,-0.23020140629196126
8986,0,-0.756417716051739
8987,1,0.09535905871695316
8988,1,-0.19814204444974048
8989,0,1.9319916827601864
8990,1,1.9534945846608283
8991,1,-0.6508050432073598
8992,1,0.24285058634023365
8993,0,0.5223633909418363
8994,1,0.5242161855847237
8995,0,-0.8718191051036621
8996,1,1.4306445065099331
8997,1,-1.9131380458943545
8998,1,1.5462906693967549
8999,0,0.845295928621867
9000,1,0.7574353177289599
9001,0,-1.2999325294456072
9002,0,1.0209012126332344
9003,0,0.4493592181232095
9004,0,-1.473986994552718
9005,0,0.009029631298448275
9006,0,-0.05231637314576022
9007,0,-0.11515253619784885
9008,0,0.7481658199901985
9009,0,1.4949395824028153
9010,0,-0.30408356259462327
9011,1,0.014753233810645089
9012,0,-0.013590251398949746
9013,1,-1.4726539563096064
9014,0,1.2827363916984422
9015,0,-0.3667904401451998
9016,0,0.20664437949570133
9017,0,0.14125449584381117
9018,0,-1.615305775074457
9019,1,0.09096478892900217
9020,0,0.4325357567766103
9021,1,0.1173247211048181
9022,0,-1.9108244905136986
9023,1,-1.7892307364890858
9024,1,0.3693255604196559
9025,0,-1.4487259653002316
9026,1,0.5862777908995814
9027,1,1.020179876840067
9028,0,1.984726152646932
9029,1,0.4538081909718174
9030,1,-0.2577566994121072
9031,0,0.22440438079640151
9032,0,-1.0093336828273018
9033,0,2.177030888976067
9034,0,-1.0087573046287186
9035,0,-1.0024115955805568
9036,1,0.292147152215215
9037,1,-1.1053101897374176
9038,0,0.34583619856963893
9039,1,0.15303672932636966
9040,0,-1.411532634708699
9041,0,0.2032519023910427
9042,1,-0.8684165623744399
9043,1,0.11681643941661257
9044,1,0.3965646375884528
9045,1,-0.1161666645537754
9046,0,-1.9182640470700787
9047,0,2.799645777105876
9048,1,0.2874947171841505
9049,0,0.18796108962955052
9050,1,0.18684589116076636
9051,1,1.5624728020443688
9052,1,-2.2760699546462537
9053,0,1.5317176177269625
9054,1,0.297202065325944
9055,0,-1.2510297327903428
9056,1,-0.035388822917986854
9057,1,1.2797260045462768
9058,0,1.1547459821194965
9059,1,-0.6967155047976564
9060,1,1.9280777450124902
9061,0,0.08473305087093926
9062,0,0.7127098095256543
9063,0,0.18479394893526915
9064,1,0.3749837047090183
9065,1,-0.40650376959287415
9066,1,-1.0087443220776906
9067,1,-1.2523161724324559
9068,1,0.01716752079232715
9069,0,3.0803472258880027
9070,1,1.6024179163073284
9071,1,1.6592288948097291
9072,1,-0.35598739852201633
9073,1,-0.5779669700683487
9074,1,1.9619332315769655
9075,0,0.8291612769320339
9076,0,0.3854223713144719
9077,0,-0.07138486536960216
9078,0,-1.311023080057682
9079,1,-0.05504126454661899
9080,0,0.9361895345219973
9081,1,0.07689082570524237
9082,1,1.2216583425728016
9083,1,-0.2720910541906889
9084,0,2.4277740403020247
9085,1,0.1476897799474421
9086,0,-1.4111334248858078
9087,1,-0.16150678646482208
9088,1,-0.5142536304994814
9089,0,0.6821762939059954
9090,1,-0.339418976297925
9091,0,0.9355809080929882
9092,0,0.7469739393535604
9093,0,-1.1595074922389617
9094,0,0.19942609370479422
9095,1,0.2810111546390307
9096,0,-0.06218323140360792
9097,0,-0.4619046651413926
9098,1,0.720235574625921
9099,1,1.659125119693011
9100,0,-0.5457443114138937
9101,0,1.026994567501291
9102,0,-0.9204191282592995
9103,0,-0.6087215479271825
9104,0,-0.9587587891464289
9105,0,1.147976617890723
9106,0,-0.347139577363104
9107,1,-0.13050493238101077
9108,1,-0.2994781850655918
9109,0,0.9031668463434813
9110,0,-0.044808648949482124
9111,0,0.1019588746543655
9112,0,-0.5268602440609815
9113,0,1.3926535054261884
9114,1,1.5588351734315717
9115,0,1.1650712994251482
9116,1,-0.34891802487895573
9117,1,0.512282314716951
9118,1,-0.6371083678241299
9119,0,-0.508100036161635
9120,0,-1.7761475222254364
9121,1,1.148486339244054
9122,1,0.17792796078530268
9123,0,-0.17975810736016606
9124,0,-0.6444137143597666
9125,1,-0.5933349006720594
9126,1,0.026828594267003836
9127,1,0.4093071787825353
9128,1,0.5326466085301836
9129,0,-1.6499628496250403
9130,0,0.6770325771701369
9131,0,-1.7418056278027663
9132,1,2.3363908843125567
9133,1,0.14330215295314014
9134,1,1.102197151869943
9135,1,-0.8783885715862494
9136,1,1.2687855630120344
9137,1,-0.33089498502162806
9138,1,0.5199537010464482
9139,0,0.3510793217762231
9140,1,-1.0695997835518134
9141,1,-0.24942670684350837
9142,1,0.7721064740630682
9143,0,-1.6520612634104512
9144,1,-0.9510769345138489
9145,0,-0.3309188428919191
9146,1,-1.0329414091529427
9147,1,0.7678186370141941
9148,0,-1.2644829562420097
9149,1,-1.297676874120858
9150,0,1.098109423373607
9151,0,-0.14781751309221985
9152,0,0.25170582976250866
9153,1,-0.8937458496036509
9154,1,-0.06838636225321927
9155,0,3.7406387678576998
9156,1,1.266407148520042
9157,0,0.20148570995417056
9158,1,1.3248826006654695
9159,0,1.5164356738324365
9160,0,-2.1146929133513668
9161,1,0.7744059344077258
9162,1,0.4029307088891818
9163,0,-1.3332680957740155
9164,1,-0.4129833031957671
9165,0,0.17149863228572287
9166,0,0.6607810075510521
9167,0,-0.3120831378623936
9168,1,0.7202529495734147
9169,1,1.6376703908016377
9170,0,-0.6286391357867958
9171,1,-0.5813825260994199
9172,1,1.6514032877215294
9173,1,0.761820450332227
9174,0,0.6508049270311315
9175,0,0.7509922562120914
9176,0,-1.648040328256129
9177,1,-1.4315668215270554
9178,1,0.10593772756523769
9179,0,2.2514036746506605
9180,1,0.4642963632909994
9181,1,-1.9555817104057145
9182,1,-1.6506927339370339
9183,1,0.7601044117511511
9184,1,0.7270806789029617
9185,0,-1.014870666237395
9186,1,0.2063844314912995
9187,0,-0.4967961145972925
9188,0,1.3265651926713349
9189,1,0.6269674232872875
9190,0,-1.0481465141752127
9191,1,0.5811199082226187
9192,0,0.9937155897147929
9193,0,-0.3351984189659279
9194,1,-0.34302519320919106
9195,1,-1.140696810559072
9196,1,0.0521759915202629
9197,1,0.5913988678041198
9198,0,-0.5751655362718204
9199,1,-2.206792630162899
9200,0,-0.8392518371779688
9201,0,0.27224950603996406
9202,1,-1.1607071469265409
9203,0,-0.7921359604766348
9204,1,0.9702444860836297
9205,0,-2.0101030392910864
9206,1,-0.5358296692884781
9207,1,1.707695379406374
9208,1,0.37850215010093696
9209,1,-0.613876237899016
9210,1,-0.6532124927055638
9211,0,-2.0979840677380324
9212,1,-0.758826461711344
9213,1,0.6093020000107318
9214,0,0.06197997750686133
9215,1,1.9250741390008028
9216,0,-0.8257512219535791
9217,0,-0.9600975070968574
9218,1,-0.12652658601347086
9219,1,-1.487411874822069
9220,0,-1.117104756462907
9221,1,-1.4892235487185534
9222,1,0.4752865219525062
9223,0,0.07764376276836864
9224,0,0.3050778602893611
9225,1,-1.5296575477727716
9226,0,-0.423304465672522
9227,0,1.4696692908279074
9228,1,-0.4050021216212207
9229,1,-0.5158550941108708
9230,1,0.584529171203998
9231,1,1.6820793177843518
9232,0,-0.18881602216821702
9233,1,-0.4269822310258284
9234,1,-1.2423953336362015
9235,1,-0.7650600392036191
9236,0,0.5322582688108681
9237,1,2.0549694178341964
9238,0,0.8898796198778463
9239,0,1.6404848772904337
9240,0,1.2090167203664095
9241,0,0.39614877271945986
9242,1,0.5526030502330621
9243,1,-0.7695012142891761
9244,1,1.629480514114275
9245,0,-2.1008270882313385
9246,1,-0.14364741772235723
9247,0,1.8969929603887108
9248,1,-0.2744743889369523
9249,0,0.5674250738349395
9250,1,2.9379977798969796
9251,1,-1.1641319805461794
9252,1,-1.1975544168229617
9253,0,0.31418229740537396
9254,1,-0.9407424889540416
9255,1,-0.8505300849936448
9256,0,-1.8704303374192266
9257,1,-0.18219614511380675
9258,0,-0.844856013596974
9259,0,-1.9239184038700967
9260,0,0.7880091424866963
9261,1,1.7237767647946223
9262,1,0.6560768894055236
9263,0,-1.6259054829946806
9264,0,-1.278879535342357
9265,0,-1.5258268927364607
9266,0,0.9494786468049473
9267,1,1.369781412829008
9268,0,-0.24333873357447783
9269,1,-1.2251302712809162
9270,1,1.6613756857136184
9271,0,0.5822766239021975
9272,1,-0.8338814317391802
9273,1,0.5293213844698125
9274,1,0.4181597636555686
9275,0,0.7231791484215552
9276,1,-0.4159443800840782
9277,1,-1.1588665295622884
9278,1,0.19790058759130008
9279,1,-1.261799873039728
9280,1,1.6345313656459328
9281,0,-0.9513112883438622
9282,1,0.6881142056342743
9283,0,-0.017717905154881915
9284,0,-0.3761233102459173
9285,0,1.1936533956912367
9286,0,-0.4846710758670182
9287,0,0.8216553692765406
9288,1,1.3695473640474058
9289,1,1.0627200869568567
9290,0,0.634159754323855
9291,0,0.37592658879318025
9292,0,1.636574585309905
9293,0,0.31930879334118684
9294,1,-0.7306227141408655
9295,0,1.5949174326408013
9296,0,-0.9950432226682058
9297,1,1.0245674446565507
9298,0,-0.23157362424027128
9299,1,-0.7955832272398923
9300,0,1.0395677675173136
9301,0,0.7679996861152095
9302,1,0.24126141566410714
9303,1,-1.496189726694477
9304,0,-0.9683244675003478
9305,0,1.6391307156746717
9306,0,0.3845387878672191
9307,0,-1.2629945322324998
9308,0,2.715426013886242
9309,1,-0.9919382236392926
9310,1,2.733916798528002
9311,1,0.9492927830751927
9312,1,0.04928587154768403
9313,0,-0.7012062139615427
9314,0,-0.023177038677176277
9315,1,0.8803212839854505
9316,1,-0.02228095839274369
9317,0,2.4543685191422298
9318,1,-1.6606415356867072
9319,1,0.18538675770894933
9320,0,-2.033984317725655
9321,0,-0.14917348408447187
9322,1,1.282244161136769
9323,0,-0.6724225537568929
9324,1,0.336680185767607
9325,1,1.2265153584898114
9326,1,2.0595119928721615
9327,1,0.34069900286416627
9328,1,-1.6725362595672442
9329,0,1.1292556972414904
9330,1,0.24167814779433788
9331,1,0.8732325158320589
9332,1,-1.1622581757360617
9333,1,-0.6918804964023083
9334,1,1.1021259766209093
9335,0,-1.6722380856323826
9336,1,-0.3519597441498259
9337,1,-0.47875786075262144
9338,0,0.7853343859285868
9339,0,0.8243753380412588
9340,1,-1.3934102658876348
9341,1,0.8704047440271895
9342,0,-0.9898790312950605
9343,1,0.7273161733806653
9344,1,0.5268228093733442
9345,1,0.7953795827101163
9346,0,0.039658005197382516
9347,0,-1.1203816684417671
9348,0,0.07962307262686615
9349,1,-0.27124090455187555
9350,1,0.2561323903913939
9351,0,-0.0018379864694937965
9352,1,-0.7979126187164142
9353,1,0.2704482141804682
9354,0,-1.9916404205153828
9355,0,1.3012036911680378
9356,1,-0.20191574139842436
9357,1,0.7572261379781792
9358,1,0.393874951649004
9359,0,-1.1046477581765655
9360,1,-0.2174124025156191
9361,0,-0.1360191463545781
9362,1,-0.8649165330401488
9363,0,1.0968478762303815
9364,0,0.30198373756763713
9365,0,-0.4773383228503615
9366,0,-0.22148854842997223
9367,1,1.538071236017701
9368,0,2.594785175675362
9369,1,0.7774632281522675
9370,1,0.822953194247058
9371,1,-0.8885787446323571
9372,0,1.705229739894318
9373,1,-0.29542367976275385
9374,0,0.5659836609110147
9375,1,-2.0591153539396356
9376,1,0.35503268211903477
9377,0,1.8298012519724607
9378,0,-0.5844560037132867
9379,1,0.3175009065987868
9380,0,0.6477153279935641
9381,0,2.458691753612792
9382,0,-0.9246793304881668
9383,1,-0.204831474159123
9384,0,1.4486749740106788
9385,0,1.5836086915946896
9386,0,-2.0496016168891016
9387,0,0.1515465144579899
9388,1,0.39305265861299243
9389,1,0.03345894457316326
9390,1,0.07980025564077287
9391,0,-0.6345912982371656
9392,1,-0.24261848005644276
9393,1,0.22736079198151402
9394,0,-1.4940225424112064
9395,0,-0.6278391554564918
9396,0,-0.06773253283331529
9397,1,-0.02561387336843745
9398,1,0.7434484164238847
9399,0,1.6330876948828619
9400,1,0.6487962147039995
9401,1,0.035210432626005
9402,1,1.2838837354061647
9403,1,-1.9433808320179586
9404,0,0.9005630837301549
9405,1,0.4982345396436575
9406,1,1.0827082321136003
9407,0,1.144927316374562
9408,1,0.5236528780010997
9409,0,-0.3705048214816304
9410,1,0.9117594296211384
9411,1,0.20106484510080486
9412,1,0.093665193505978
9413,1,-1.74528374932028
9414,0,-0.1709211982867546
9415,0,-0.9094829081069408
9416,0,0.003512071928237422
9417,1,-0.7935780393134614
9418,0,0.35137566023607286
9419,0,-1.9356809975667326
9420,1,1.8615713155184432
9421,1,-0.9284041948224211
9422,1,1.2492793867765375
9423,1,-0.4486507523673575
9424,1,-0.7467575020693394
9425,1,1.0471253608251565
9426,1,0.4929732078118404
9427,0,-0.17869792839671986
9428,1,1.2307280165392394
9429,1,0.5027475464839474
9430,0,-0.6614963320791699
9431,0,-0.07118574356723285
9432,0,-0.5457711260917928
9433,0,-0.21410072042225275
9434,0,1.3714913176546755
9435,1,-1.52698004952647
9436,1,-0.2634688049516531
9437,1,1.043711466315631
9438,0,-2.2947146427784317
9439,0,-0.47342448174281404
9440,0,-1.6119179059323503
9441,1,0.12268185995355889
9442,0,0.4516913084522634
9443,1,-0.4580233342823322
9444,0,-0.4156483297627956
9445,0,-0.2229186444046664
9446,1,-0.1191630193724025
9447,1,-1.361771653843198
9448,0,0.708438368989323
9449,0,0.5622509957435263
9450,1,-1.1686757220886383
9451,0,0.04656865964767001
9452,1,0.3883519691265496
9453,1,1.0508720526782034
9454,0,0.2787155270998046
9455,1,-0.5202865615231979
9456,0,0.18859324428027766
9457,0,-1.3536349877008735
9458,1,-0.7910486298179706
9459,1,-1.2093634145098282
9460,0,-1.2863880517948787
9461,1,0.40541500565686256
9462,0,-0.07357271732654007
9463,1,-0.7118306483513673
9464,0,-0.9773787299996407
9465,0,-0.9299588395552335
9466,1,1.3226794076756103
9467,0,0.9267291890922751
9468,1,0.5045008838747628
9469,1,-0.129660568214054
9470,1,1.1186228432806649
9471,0,0.040308356169678546
9472,1,0.2237917479312735
9473,1,-2.7730218222810437
9474,1,0.5048331742634107
9475,0,-0.33751626204807056
9476,0,-0.19838789334282825
9477,1,0.8874852316320149
9478,0,-0.7003019344265475
9479,0,-0.1497119147464752
9480,0,1.3279509188990992
9481,0,1.1973311017264403
9482,0,-0.7259994390282831
9483,0,0.5454553211557652
9484,1,1.1397544881217325
9485,0,-2.4210021951477065
9486,0,0.2058618298875071
9487,1,-0.643759949663892
9488,1,0.48756389892696644
9489,1,-0.9728240519557919
9490,1,-0.7902037342047061
9491,1,-0.0030467879135126423
9492,1,0.6003012467759742
9493,1,-1.7609956022196371
9494,0,-0.3760187439804819
9495,1,0.008503891245639767
9496,0,1.2476478690511283
9497,1,0.9417383691103769
9498,0,-2.993948564453555
9499,1,-0.6932143435739935
9500,0,-1.692827917325343
9501,1,-0.508885514555662
9502,1,0.4247322774291482
9503,0,0.8889684308775503
9504,1,-0.4775579890626268
9505,1,0.6176122532327777
9506,0,0.2479681488321662
9507,0,0.9873910558583332
9508,0,-1.3763935262087514
9509,1,-1.7674233913666557
9510,0,1.3877385941218734
9511,1,1.7456596153126007
9512,1,-0.834485611841885
9513,0,-0.16285210647275447
9514,1,-1.9035645350753927
9515,0,1.3166431365950428
9516,1,0.8844977572826633
9517,1,-0.2901588658139835
9518,0,-0.7251227220585483
9519,0,-1.1788980067648567
9520,1,0.5692224945781631
9521,1,0.8289311375158271
9522,0,0.5341748131287063
9523,1,0.23531793503171236
9524,1,-0.2010730302420165
9525,1,1.2545457578568016
9526,0,0.19663940760789916
9527,0,3.3125603971814366
9528,1,-0.5059856011504091
9529,1,1.5157489142635538
9530,1,0.9588655684906512
9531,0,0.025943701617848966
9532,0,-0.4886428907487393
9533,0,-1.2382285532977209
9534,0,1.479218599554729
9535,0,-0.38459978149363544
9536,0,0.8731034253464205
9537,0,2.1547654579392197
9538,1,0.698149633947421
9539,1,-0.32614937487291096
9540,0,-0.1785191743853637
9541,0,-0.93638773891085
9542,1,0.9800990299353722
9543,1,-0.17910678750551975
9544,1,-0.40229051630927026
9545,1,2.58977708826851
9546,0,-0.5308758633599826
9547,1,-0.2625175188016598
9548,1,1.5683624366225732
9549,0,-0.575456643975517
9550,1,-0.32661254867606804
9551,0,0.346195345490559
9552,1,-0.9386006158695565
9553,1,0.5894983299271042
9554,0,-2.5492465641651725
9555,1,-1.7732495426495498
9556,0,0.33149817713852525
9557,0,-0.9047748995474901
9558,0,-0.7942383602284542
9559,0,-1.2806260984547726
9560,0,-2.8808776971904435
9561,1,-0.038528659934996864
9562,1,0.27775465141622363
9563,0,0.7758305393816138
9564,1,-0.11059851359619333
9565,0,2.107653553449401
9566,1,-1.0857987893566436
9567,0,0.07223992142308341
9568,1,0.42744924569961973
9569,1,-0.6377145409549564
9570,0,-0.5609964284784494
9571,0,0.9343101737173442
9572,1,-0.621824171117933
9573,1,0.006897898072259509
9574,1,-0.20390282168303656
9575,1,-2.094043993290765
9576,1,-0.2235741547397355
9577,1,-1.0218901540346141
9578,0,0.8021990934022408
9579,0,0.06765211871942038
9580,0,-1.1172312993732032
9581,1,-0.10985839114234901
9582,1,-1.4842658396080748
9583,0,-1.0604455800380808
9584,1,0.46998510495754076
9585,0,1.9933674605559273
9586,1,1.0846485727376352
9587,1,-0.7684297850568326
9588,0,0.505540863489535
9589,1,0.6231066853057717
9590,1,-0.3018114836574403
9591,1,-0.6449984684425116
9592,1,1.5193721554112847
9593,0,1.5808783945931513
9594,0,1.2426235311690563
9595,0,-0.2726167621034117
9596,1,-0.3901541385263078
9597,1,-0.3928227136024288
9598,0,-0.2131773741623139
9599,1,-0.6276858092277655
9600,0,0.6943631048427292
9601,1,-0.2601796322265708
9602,0,-0.9388979759996073
9603,0,0.8169710652812616
9604,1,-0.11486261967765717
9605,0,0.25130707252044043
9606,1,-0.3799585051034304
9607,0,-0.05664562428125482
9608,1,-0.42991298840321995
9609,0,0.16381937140648448
9610,0,1.4677210017164428
9611,0,1.8968989363710702
9612,1,0.5830210478070484
9613,1,0.6924116897651809
9614,1,0.7832521844313397
9615,0,-1.5050350887828297
9616,1,0.016998766457296696
9617,1,1.5094764768605289
9618,1,0.4964709856477834
9619,1,-0.21924815148404342
9620,1,0.7401028131824893
9621,0,1.8132467884823507
9622,0,0.8848495774421834
9623,0,-0.9393590116332992
9624,1,0.9807583643613415
9625,0,0.0024814219526577016
9626,0,0.2849747527203971
9627,0,0.8437331471852256
9628,0,0.48346006441999756
9629,0,-0.43414752924030514
9630,1,-0.015592183408897968
9631,1,0.29447222462693257
9632,1,0.5968436001699566
9633,1,0.6387122137366218
9634,0,0.015376158786187566
9635,1,0.31109378513567115
9636,1,-0.8216737760492163
9637,0,-1.5866961905716923
9638,0,0.35666232660607605
9639,0,0.7073200106504615
9640,1,0.32196562850850613
9641,0,-0.09102327991219346
9642,0,0.6450094030873433
9643,1,-1.1630149231332438
9644,1,-0.3362923289487049
9645,0,0.01895894670686022
9646,1,-0.8495878078932994
9647,1,-0.6229640908198556
9648,1,0.12572435468699045
9649,0,-0.7227181270265507
9650,1,1.6835950308597225
9651,0,1.2307988213608718
9652,1,0.3381435046817876
9653,1,0.5829201280855937
9654,0,1.2706501405168567
9655,1,-0.11690627351955545
9656,1,0.319061046283301
9657,1,-1.6321574195876307
9658,1,-0.09422572082811122
9659,1,1.4279476692865631
9660,1,-1.0494265442251423
9661,1,0.21383237214769943
9662,1,-0.5024835350631949
9663,1,0.49808660321474685
9664,1,1.6912867179903583
9665,0,0.7941709508313626
9666,1,-0.6952518784122084
9667,0,0.31942455650393703
9668,1,0.020793651395492073
9669,0,0.014194572148669982
9670,0,1.0430396622412248
9671,1,-2.032042704376113
9672,1,0.7050582889734993
9673,0,0.6792014326254753
9674,1,2.287234313913398
9675,1,-0.1593754690475991
9676,1,0.1564960513234549
9677,0,0.7075595627183519
9678,1,2.410540122495724
9679,0,0.7736185456746628
9680,0,-0.299155912031555
9681,1,0.19779638510108308
9682,1,0.1678209193832872
9683,1,-0.008394758279489144
9684,1,-1.2920379138636915
9685,0,-1.0843272759587466
9686,1,-1.6639417977327375
9687,0,-0.4380649041213764
9688,1,-2.0895853792549794
9689,0,0.13879918785378725
9690,1,-0.5664323840122435
9691,0,0.8162278272818564
9692,0,-0.10471832839362946
9693,0,0.569059475960863
9694,1,-0.46451535608734423
9695,0,0.6168751723983044
9696,1,-0.9624092270924222
9697,1,-0.3735879700174436
9698,1,-1.519739414858034
9699,0,0.7881790189910394
9700,0,-0.3909378086945276
9701,1,0.5484094461414922
9702,1,1.0610538712149593
9703,0,1.1718164329693517
9704,0,-0.406948596964321
9705,1,-0.05909057866584404
9706,1,0.1845176323991853
9707,0,-0.8137139513545723
9708,0,0.9235552583112225
9709,0,0.39114428677177165
9710,0,0.8771534669131825
9711,1,-0.39323801303196787
9712,1,-1.6884502604158333
9713,1,-1.615953484167643
9714,1,-0.03161613388259842
9715,1,1.1573715965112974
9716,1,0.6494986538648514
9717,1,-0.1977273515648384
9718,0,-0.5719861975310511
9719,0,-0.18245800594944903
9720,1,-1.7865212002081885
9721,1,-2.1247693476336176
9722,0,0.6127823939530396
9723,0,0.009718029396723693
9724,0,0.7545628458583026
9725,1,0.5920938368490418
9726,0,-2.648378857756609
9727,1,-0.23800535566600337
9728,1,0.7062633048228805
9729,0,-0.43201446042431685
9730,0,1.468222271746518
9731,0,0.4512783084826657
9732,1,-0.945660466253652
9733,1,0.603082428003614
9734,1,0.5310616582083039
9735,0,-1.3791149266782892
9736,1,0.9207778213070568
9737,0,-0.9553532731249802
9738,0,-0.7860002088243734
9739,0,0.3901490238324764
9740,0,-0.3887350908438421
9741,0,0.6488457196142812
9742,0,-0.0657010229481186
9743,1,0.8586775910885334
9744,1,-0.2680751009117426
9745,0,-1.1683923346361722
9746,0,0.6532526818871146
9747,0,-0.021781392616937807
9748,1,-0.08370174205262723
9749,0,0.03628220510361688
9750,0,-1.1564212033051526
9751,0,-1.2925418974478724
9752,1,0.5510102876367776
9753,1,0.4460047200132566
9754,0,0.0018068163074896576
9755,0,-1.828286381396078
9756,1,1.2486481430703598
9757,1,0.7942716084250984
9758,1,-0.8040570572460511
9759,0,-0.9826959675118938
9760,0,0.29910930273274294
9761,0,-2.189630601375256
9762,1,-0.8763768581047471
9763,0,1.6575250632594896
9764,1,1.4115159771779777
9765,1,-0.7185422112928915
9766,0,-1.7037514610563376
9767,0,1.6311217661727229
9768,1,0.19930442739557988
9769,1,0.15889901217481459
9770,1,-1.1248158394824497
9771,1,0.5718826968658339
9772,1,-0.8410436193038914
9773,0,-1.2381133821978627
9774,1,1.0309933865682237
9775,1,-0.14095161417232663
9776,1,0.8423983758675043
9777,1,-0.8150998286114384
9778,0,1.0459932552670685
9779,1,0.09641982284523097
9780,0,-1.3033330651631796
9781,0,0.21955610968540193
9782,0,-1.2742240410876056
9783,1,-1.5883598745247438
9784,0,-0.9109938080322646
9785,0,-0.13818145359132686
9786,1,-0.8420403202149479
9787,1,-0.03850851564775564
9788,1,-1.144078852278188
9789,0,-0.9466583128242562
9790,0,0.9564064721405032
9791,1,-0.585720431744658
9792,0,-0.05416828340269514
9793,1,1.1574964342081728
9794,1,0.8463550853190598
9795,1,1.1282188947178224
9796,1,1.859231551162266
9797,1,-0.47422201006704673
9798,0,0.49373633277394235
9799,1,0.6871968513689611
9800,1,-1.5210219567743455
9801,0,0.9225154697082953
9802,1,0.6480363777765694
9803,0,0.11103489354703734
9804,1,0.17425716412116773
9805,1,0.09046124989990616
9806,0,-0.4029101093774416
9807,0,-0.23291584648466251
9808,1,-0.3584714659796076
9809,1,0.7890686447049409
9810,1,-0.47779220321598
9811,0,1.0683838276265272
9812,0,-0.8647568669220732
9813,1,-0.8678439214350325
9814,0,-0.37199893823609237
9815,1,-1.1573847964732837
9816,1,-0.5238671400725164
9817,1,-0.4542828473231234
9818,0,1.2419653771856403
9819,1,-0.1800765693075245
9820,1,-0.050933826331751586
9821,0,1.106587808241688
9822,0,-1.8153100990263946
9823,0,-1.9699662490486318
9824,0,-0.5572498890865968
9825,1,-0.8963006786642154
9826,0,0.3850042365419926
9827,0,-0.9793576488579533
9828,0,-0.6590954540584761
9829,0,-0.19018258958292691
9830,1,-0.7169240165325653
9831,0,2.2899361686332163
9832,0,1.2394370908614545
9833,1,1.2336483359558172
9834,0,-0.512172647894448
9835,0,0.5895765275062199
9836,0,0.37870298761646726
9837,1,-2.0317383420052844
9838,1,-1.627695021806259
9839,0,0.71270800791102
9840,0,0.5041869389343935
9841,1,2.9756032043692735
9842,0,-0.4803522294074231
9843,0,-2.017990794539337
9844,0,0.0913473119166222
9845,1,0.21176305954923422
9846,1,0.630806091552754
9847,0,0.25209507186334806
9848,1,-0.590845007925703
9849,1,-0.9751852523116
9850,0,0.41248895604804325
9851,1,0.07191698972893663
9852,1,-0.18834233873457545
9853,1,0.07550170851915267
9854,1,-0.09953472441133226
9855,0,0.7092363709960172
9856,1,1.6172898494871781
9857,0,-0.7110048176410412
9858,1,0.9475768558062835
9859,1,-1.3167679633070961
9860,1,-0.12207026929818904
9861,0,-1.0915215143748729
9862,0,-0.27427868448174325
9863,1,0.37624914743483423
9864,0,-0.022209257542073077
9865,1,0.6385583477031896
9866,0,0.8898041152017261
9867,0,1.0165043910337779
9868,0,-2.331455041705831
9869,0,-0.700702830721653
9870,0,1.9268247963877834
9871,1,-0.11573724734881573
9872,0,-0.27913706996446974
9873,0,0.5994845960084719
9874,1,-0.8167790172450774
9875,1,-0.26394708416114343
9876,1,-1.5922367497888665
9877,1,-0.6134513388699938
9878,1,0.2604734773778927
9879,0,0.957725753195131
9880,0,-1.098813424508629
9881,0,-0.09487427635947347
9882,1,0.7917261532081818
9883,0,0.1472339067209205
9884,0,-0.36316057470065183
9885,1,0.04345740891546732
9886,0,1.1336166097674394
9887,0,-0.8685920658742826
9888,0,-1.1838229842489894
9889,0,0.5380455985752739
9890,0,0.5023572255970524
9891,1,-0.8473497654161308
9892,0,1.7731239828953163
9893,1,-0.9697878937358729
9894,1,-0.656048333304106
9895,1,-1.0999810622295303
9896,0,-0.07408422746434123
9897,0,0.48573158606082745
9898,1,-1.7175652582487617
9899,0,0.15796444857148376
9900,1,1.2238093857353904
9901,1,0.1403888260422458
9902,1,-0.5672673081896868
9903,1,-0.6159620867601651
9904,0,1.2727813708893922
9905,0,0.6498181376557101
9906,0,-0.3720936005354684
9907,1,0.3577250679705185
9908,1,-1.1887027761489224
9909,0,0.07554993454928442
9910,0,0.11690268276071401
9911,1,-1.9939128534671717
9912,1,-0.7198323565616976
9913,0,-0.31228555054804297
9914,1,-0.8039915016761542
9915,0,-0.3761379125382228
9916,1,1.9551907532911446
9917,1,1.0118309549766338
9918,1,0.2951810972870751
9919,1,0.6216024118403575
9920,0,-0.44623798063141734
9921,1,-2.007175725895153
9922,0,-0.18712343330940184
9923,0,0.6790406226070672
9924,1,0.10594436599186577
9925,0,0.16029032152123093
9926,0,1.0327300580432865
9927,0,-2.567226338976407
9928,0,-0.1328177930389017
9929,1,1.0546578166786018
9930,0,-0.2257087115367556
9931,1,-2.4246558988644757
9932,0,-0.23429831843186386
9933,1,0.944211722351571
9934,1,0.19394457711852128
9935,1,1.3514955251635818
9936,0,0.857747112105607
9937,1,1.0380444175183772
9938,1,-1.4336997979278494
9939,0,-0.6496116377694672
9940,0,0.6813851486791669
9941,1,-0.9067607943584446
9942,0,-1.799537213478728
9943,0,-0.20162950516392075
9944,0,0.27485329350857207
9945,1,0.7225766239077234
9946,1,-1.117099086330903
9947,1,0.13758789367384588
9948,0,0.403745899288301
9949,1,-1.9871736641585864
9950,0,0.9152246426232363
9951,0,-0.4223002413407728
9952,1,0.31318606489264816
9953,1,-0.10468481664206725
9954,0,-0.14936523637374333
9955,0,-0.6713080832351971
9956,0,0.7145453594599307
9957,0,0.5777829005022921
9958,1,1.7360988299056328
9959,1,0.16349697448735467
9960,1,0.4819107594808535
9961,1,0.47713648212904314
9962,1,1.9889186396287406
9963,0,0.6259494267954818
9964,1,-1.52828263975471
9965,1,-0.6095983197562503
9966,1,0.7444516820063608
9967,0,0.4243383509051426
9968,1,-0.6247523637622268
9969,0,0.5964859542806865
9970,1,0.04276241359181668
9971,1,2.0278980439932246
9972,0,1.2616907405823465
9973,1,0.5540541564211322
9974,1,-0.1415465788350011
9975,1,0.4861052382928967
9976,0,0.21403373489735097
9977,0,0.7773968600541448
9978,0,1.0032469472675223
9979,0,-0.015925749179851942
9980,1,-1.277960905583165
9981,0,-1.3996705889795884
9982,1,-0.7277245851971789
9983,0,-1.6029819131255088
9984,1,-0.6661358780246415
9985,1,-0.9421230866810097
9986,0,1.8237914356908873
9987,0,0.06967356494655248
9988,0,0.15847987325408425
9989,0,-1.3200207029535098
9990,0,0.6316595084386419
9991,0,0.9564589084966995
9992,0,-0.04939485358494526
9993,1,-0.1356434774382232
9994,1,-0.6658106110980887
9995,1,-0.0082683305056517
9996,0,-1.5453269708621984
9997,0,0.21210633926422745
9998,1,-0.8176015615142681
9999,1,-0.35617987572389737
10000,1,0.907315641923767
